path,bytes,source_loc,sha256
legacy/skycoin-production-2026-09/ACCOMPLISHMENTS_AND_BUSINESS_PROFILE.md,10393,,4efc0a878814b79c489bb16a85c5d7df276966b154957f4b9a96132fdd545976
legacy/skycoin-production-2026-09/CLIENT_DOCUMENTATION.md,11103,,ad5ca14975cdf93d6b32207b297e4ea4770a4d62c1969638edd4b9d02486a5cf
legacy/skycoin-production-2026-09/CODEBASE_ENHANCEMENT_ANALYSIS.md,11031,,5e0f638d15770a4c5e438669b0b787faa9641eecbba37635723abcc0b4d0f3b9
legacy/skycoin-production-2026-09/DELL_R630_DEPLOYMENT.md,18668,,39bf4c11e962b73ab4fec7b78187ead1294edecdaaf6a73dfa87c0e159f9d65e
legacy/skycoin-production-2026-09/Dockerfile,1058,,aa627e49d46bc1d90227c74e94e4b1899530efefffb81c50408e83c302aec889
legacy/skycoin-production-2026-09/ENGINEERING_EXCELLENCE_ROADMAP.md,15665,,4f0e5429935d64faae1af7b468745ac4bc668eca6f0a9fb15faca61c5a7e8a8a
legacy/skycoin-production-2026-09/ENTERPRISE_PORTFOLIO.md,7657,,55c51d136e73dd18e7d1a5b62deed6d2063248239efda49971458398f4dfbe32
legacy/skycoin-production-2026-09/FILE_NAMING_GUIDE.md,10592,,26da772cea65dc33ca16bc4ca2d34b4d427f5617ee5b1046782c7b86edbbecb9
legacy/skycoin-production-2026-09/FINAL_DUE_DILIGENCE_REPORT.md,14007,,18649f1c3a43b265c4097102e2c862881e6efea2713ea9ee010d9a932f9a4cf2
legacy/skycoin-production-2026-09/GITHUB_ENTERPRISE_SETUP.md,6830,,72965c9d760ab17df825b010287926ea5bbed0358764b7bf375aee214a8ad529
legacy/skycoin-production-2026-09/GITHUB_PROFILE_README.md,6858,,1d81db5571ccedfb700279aec81f15d18a0b8244ddc8bf7d0ce08d2f6b290525
legacy/skycoin-production-2026-09/GITHUB_SETUP.md,5242,,a41adac9267f1eb15087ca86480c0e90bfcac7531dbf4e7ff2d22354f495415d
legacy/skycoin-production-2026-09/INVESTMENT_PITCH.md,8130,,4b297bf21c30f09c1eed8efb5d9d5ae3006d0704627197a0e78880d37faa808a
legacy/skycoin-production-2026-09/IT_SERVICES_BUSINESS_PLAN.md,13804,,e8972adbd843274706407d3f45f530ace34876072f395afca9afc3c2a353df8f
legacy/skycoin-production-2026-09/LAUNCH_READINESS_CHECKLIST.md,7937,,5eb24dbff8decf139d7c3c650208625eba3cbfd55b64c626ed5a23bafd243d81
legacy/skycoin-production-2026-09/MINING_CALCULATOR.md,7516,,42518f35b3e39fefa6a8faaf35d0157edb6b21091333556d2e954e22950e75e6
legacy/skycoin-production-2026-09/MODULAR_REPOS_STRUCTURE.md,9426,,781dc41e59f315cec379a389bd92326f9d15b087dc3b57339c207a9b96e26185
legacy/skycoin-production-2026-09/NAV_BREAKDOWN.json,3824,,d9c5a08c31dd48d52f2ddad9671ede48940f09e08f093f2db9bb0097edc4eae5
legacy/skycoin-production-2026-09/PERFORMANCE_SCALABILITY_REPORT.md,12056,,6c72d9d492fa7954cdb13169884b56b5623446e159a34fedbfb2ef445b8efd6d
legacy/skycoin-production-2026-09/PLATFORM_OVERHAUL_ANALYSIS.md,1570,,ac9720751e5dee614a686a8d478023fb4b71b3cda299302b72fc338fd41abfee
legacy/skycoin-production-2026-09/PRODUCTION_MONITORING.md,9630,,e17083bc51bee05f910cfe2e4c614bb70412a41c1a7faa3dfb249523ec80033b
legacy/skycoin-production-2026-09/PRODUCTION_QUALITY_AUDIT.md,11841,,ecd4c6cbcd8e2649af9de0aa40d988158b0903b4053fe073370539759ee2d1cd
legacy/skycoin-production-2026-09/PRODUCTION_READINESS_REPORT.md,16845,,63fc1637a7c79844218a3af3d5f19b38223fde3041ca772197a0e61f0a23a1cf
legacy/skycoin-production-2026-09/QUICK_GITHUB_SETUP.md,1779,,24d49db8243faae1d41a029cbc01202dc01a8aa078ea564839a748628fbc34b2
legacy/skycoin-production-2026-09/README.md,12133,,340da60a13a2d579add8e954c6ac1cd8e1c0994fed94e467b3dd2cd52f701dca
legacy/skycoin-production-2026-09/README_EXPANDED.md,32362,,6da8ee69808bba1eafdbebbed4bc721c496e3a95528d5de81411699cd15618ee
legacy/skycoin-production-2026-09/README_PRODUCTION.md,15081,,166e72c94a4e43decd773870858763fa712680b06f46f62275755e9b13b8fe27
legacy/skycoin-production-2026-09/REFACTORING_ROADMAP.md,10388,,a2c732702c0b4c0a3f2f7557faa49d4c1c82b40e245bc44e02ad616700347f7f
legacy/skycoin-production-2026-09/RELEASE_NOTES_v1.0.0-beta.1.md,16022,,e74699c44bcfb17deffd0abf1cf4d424f1d5df9dcb78ed22cd1d734ac38a1e5b
legacy/skycoin-production-2026-09/REPLACEMENT_COST_ANALYSIS.md,11474,,fb4f91e6630ee212237717b92da36656d35d99ce13e9a007036047cfc709419f
legacy/skycoin-production-2026-09/REPOSITORY_STRUCTURE.md,10702,,5087ec0133d9e20bc8ec4e41948777c0bde260d84557d611aa70dc36121b8934
legacy/skycoin-production-2026-09/SECURITY_AUDIT_REPORT.md,13832,,ee9cb2a117a8226d4a2abf6feee13d065d20279d5bb3d33511b327ad1c2f1a6e
legacy/skycoin-production-2026-09/SECURITY_REMEDIATION.md,5416,,81e1df10a0d37d0017fafb6e8b243fdd9fa6a9885512c1141ad39e90d115e473
legacy/skycoin-production-2026-09/SKY444_ECONOMIC_VISION.md,7661,,fa2dd871bc451bc4b6ac8799a0efa2175ef304c89c2a236e30e7197f71edf2c7
legacy/skycoin-production-2026-09/TECHNICAL_NET_WORTH.md,7605,,a802d63b0ea13fcafbb00c8794716c3bbdde985c019eb6f05b7ee374177c0350
legacy/skycoin-production-2026-09/TOP_100_IMPROVEMENTS.md,15155,,755495d895078db18828e4f0e671ff8aa8af9bc7d67ebfe7cea8cfce36a58b02
legacy/skycoin-production-2026-09/WIDE_AREA_RESEARCH_FINAL_SCREENS.md,17345,,08ea3bfc8e7c76eef3f7f77bb24eb5e22c79d4bba19fb660218d68bf9977b470
legacy/skycoin-production-2026-09/build-unified.mjs,14783,569,deb0ab48d85e75abcc75eefe5e0f5177723607923c1fa5b9cc1ffd6d2d2b94e0
legacy/skycoin-production-2026-09/client/index.html,1952,40,743527dbd3f63f082ab893e97b80f30d7ab60d7664e02e34248885a46028982b
legacy/skycoin-production-2026-09/client/public/__manus__/debug-collector.js,25108,821,60eddc5cd63ba67e5e40a14cb3a43b7e526daaf04d934ec939122ba850a6015f
legacy/skycoin-production-2026-09/client/public/__manus__/version.json,57,,230b36bc818175bb224b4d22490f668f3fc9f475d04ba4d7086ef5d78c373239
legacy/skycoin-production-2026-09/client/src/App.tsx,151060,2200,83b970abd2f118d1ad73608ac30e75dc26325c911d6470384d5a3875a8ea5912
legacy/skycoin-production-2026-09/client/src/_core/hooks/useAuth.ts,2062,77,83a405f435ae04043495e504a9887c9db4a4b776eb1b03ffaa48f6775bbcba09
legacy/skycoin-production-2026-09/client/src/components/AIChatBox.tsx,19593,578,5b3c27dddabcf4325c0011fbce7a97ac55b94429c4af6882bbeabd781b6dea01
legacy/skycoin-production-2026-09/client/src/components/AIPostComposer.tsx,4095,121,6586669493f98af00dd9d473385f8d9de01436b7f7d9e3fa1e5b91c8f4fad1ec
legacy/skycoin-production-2026-09/client/src/components/AccessibleNavigation.tsx,7926,262,97de23f61f682a2d99397c50b0a7bba7c359c6f360de8c0de8f0c072a715a0ed
legacy/skycoin-production-2026-09/client/src/components/AchievementToast.tsx,7012,142,773b6a9982ea880c6dab4cb64cb31f0e430d0c9d01528f4497d92d968400733b
legacy/skycoin-production-2026-09/client/src/components/ActionDrawer.tsx,8772,186,8d4f1462c1ea1a6facbb92a73059a543193ad004cd8025f825a301f7d65be48c
legacy/skycoin-production-2026-09/client/src/components/AdvancedNavigation.tsx,8844,236,f30fd047ab826208dce0c5fc62da125863c0c64fb2d42192969dac88b0d2d3e8
legacy/skycoin-production-2026-09/client/src/components/AlwaysOnVoice.tsx,6293,170,cb5bc96e4d51381754c7172f5bd0005d579254c5b10b5832c0a94cdaa6985b5f
legacy/skycoin-production-2026-09/client/src/components/AnimatedCounter.tsx,1051,35,fe54f86ac44a88317063fae851d34b3014a7f05c7eda92dd69f25a1437800ebb
legacy/skycoin-production-2026-09/client/src/components/AppLayout.tsx,7660,148,8963a07ad624ef70474ece2cd0cca19bd31ba446eeab2b3ac3add7d344c18ba1
legacy/skycoin-production-2026-09/client/src/components/AudioNarrationControl.tsx,7168,191,a35f83af37c0b9a6fda49589ed5d739f74944430e9d9202bb4fb2e84ffe7588a
legacy/skycoin-production-2026-09/client/src/components/BottomSidebar.tsx,2516,64,86683754ea1fd91934d0f8cb1584ef2853cd334b13b39bb4e9c73ba00fd236ba
legacy/skycoin-production-2026-09/client/src/components/BottomTabBar.tsx,1807,51,af89619d532bf12084e91a42d3b22d42e11d0c16dfadfee91aadc75a7253d419
legacy/skycoin-production-2026-09/client/src/components/ClickableArea.tsx,4443,139,cecd955b5a78576455815f46e467aeef3e20109a7ea9809d9e02d422e9fca6fe
legacy/skycoin-production-2026-09/client/src/components/CommandPalette.tsx,11162,207,e0d4784951f72b93934407b4c87d1d8f4095f616a9f4af20f001f5d5357f265f
legacy/skycoin-production-2026-09/client/src/components/ComprehensiveNavigation.tsx,12398,261,eb9d3d93ab71e0d1648a57d39c3daf5d428d29166cc2156f8a993b87f8c22744
legacy/skycoin-production-2026-09/client/src/components/CreatorSubscriptionModal.tsx,3942,109,9c4a771a8ee5bafc7e50568268d5c00c8f4aede8fa1b03297eb1f9eebe33473a
legacy/skycoin-production-2026-09/client/src/components/CurrencyTicker.tsx,10462,218,e66b756965007d043e0f653a4551c22866727015a6e088a4e68373c11f9a0a06
legacy/skycoin-production-2026-09/client/src/components/DailyQuestWidget.tsx,3053,74,1f1e7dd1404d6c9c58ff2a9d10cccfa5af8663287ab9bcb6aca0c01c5475ec6c
legacy/skycoin-production-2026-09/client/src/components/DashboardLayout.tsx,11081,274,8996dabd4872266840deff1501092a4ad2e083627d07e5e368b2699e15887c0b
legacy/skycoin-production-2026-09/client/src/components/DashboardLayoutSkeleton.tsx,1628,47,7b6eab8ac4d4118bdf2be88f23e7db5318d975ac03e6451f773d5eb15feb34cc
legacy/skycoin-production-2026-09/client/src/components/DatingNotificationToast.tsx,3730,101,d0acf9a6560567909d677be178a101fadfa67cc6d8da4c7d2ba5ef8e8971d800
legacy/skycoin-production-2026-09/client/src/components/EmptyState.tsx,1164,38,d9242e5febef8e6a4061590e49a50ca964dd91f5f5be1255a204b3d2fd4d3c6c
legacy/skycoin-production-2026-09/client/src/components/EnhancedBottomNav.tsx,2867,86,4776473f890ef0242e3405a52a0680c34aac89648c55a3119dcc47abbf5ba55c
legacy/skycoin-production-2026-09/client/src/components/EnhancedNavbar.tsx,15001,338,e00f8b34fbe0957fe701cfceb620827df84a7927a9ec8235339fc555b769fccc
legacy/skycoin-production-2026-09/client/src/components/EnhancedTopNav.tsx,10209,323,a1abec90fcee1d290206d9a41db1295d61f9ca8f2455232bc57b0734ffa0a252
legacy/skycoin-production-2026-09/client/src/components/ErrorBoundary.tsx,1716,66,db9d5e29ca1a9b064494aeed40402b6485feb6473c922126ca270217be7b386b
legacy/skycoin-production-2026-09/client/src/components/FixedNavigation.tsx,6897,189,04dfef76ed30883135abd3f070ac520d6c950767b3340a1126abc691791ecc97
legacy/skycoin-production-2026-09/client/src/components/Footer.tsx,8509,155,d7d80db0b2bb03e333803f3b08d3d8b549979bc208f500290b91af1a92eb8241
legacy/skycoin-production-2026-09/client/src/components/FunctionalNavigation.tsx,6045,170,0dcfe0e59d7f4f7b937aabbf17189e6231a510f2122bdcc5feb24ee5befaa366
legacy/skycoin-production-2026-09/client/src/components/GamifiedSidebar.tsx,9888,224,eb257264280be8238bd8196cd73247c655122157bbea956520e140ea4c718eb2
legacy/skycoin-production-2026-09/client/src/components/GlobalNavigationContext.tsx,5243,180,c54d9531720edbebaf1e7c17b587a35ae15e34036bfa0830257c45567ca02f5a
legacy/skycoin-production-2026-09/client/src/components/GlobalVoiceNav.tsx,2889,79,1428143a5a9b4087e5d91d79688746749898bae6cdac47bcd01f7d77c16e0697
legacy/skycoin-production-2026-09/client/src/components/HopeCompanion.tsx,12667,312,77c2967eabbd5149747d6fc12781766f06a89159713d9e6f2c7220a1bc692f07
legacy/skycoin-production-2026-09/client/src/components/ImprovedNavigation.tsx,5412,157,0b1f73c763b9796df4e70154b2ff8becb872b41c8ac0ee61a0a813329455daa9
legacy/skycoin-production-2026-09/client/src/components/InteractiveLesson.tsx,11676,307,cb4cf35fbc0711199bfc56310c20e908d06ef209846921b7c3c8227bfd81262a
legacy/skycoin-production-2026-09/client/src/components/LanguageSelector.tsx,1666,57,18fe13b59e02b1fc4b11f0fef4f5d66e63b10221b9b6ace3e018b5391069ad39
legacy/skycoin-production-2026-09/client/src/components/Layout.tsx,6241,150,d6ea46ac3d71f3dd66442bdd26c9fe031c1310e95e5bc96d9036e0ef0af9fc70
legacy/skycoin-production-2026-09/client/src/components/LivePriceTicker.tsx,1538,38,00eb8bf44fbbc04892ada92e92a0e55207e14cda69b8f8899943e8909f91d710
legacy/skycoin-production-2026-09/client/src/components/LoadingSpinner.tsx,1923,63,b8dfe9f630d036d1230cd17176ebe1a2bb042a10351c13683ebf2fea0451af22
legacy/skycoin-production-2026-09/client/src/components/ManusDialog.tsx,2432,90,66237a756ee50b4195a074f689aa97dd4ec445cbbc6f0d11f12bb32a6fb4cd0d
legacy/skycoin-production-2026-09/client/src/components/Map.tsx,4838,154,22e9177feeca54a69c184c2cee5102a1c6accf54573f3f6021c33a745dd24dd1
legacy/skycoin-production-2026-09/client/src/components/MarketTicker.tsx,5154,112,833c39af74848ccca850c77cfce00c128df1efe71176dc552569111aec81f345
legacy/skycoin-production-2026-09/client/src/components/MobileBottomNav.tsx,2484,53,35a85da4ae249b9f030eb08b4d6231ae59e065b478cebb36db9bc74fa57918c3
legacy/skycoin-production-2026-09/client/src/components/MobileSearch.tsx,10209,307,a875439825e5868aafe663308b2e4e8516e97fb4b68866a02726d08b7780d14c
legacy/skycoin-production-2026-09/client/src/components/Navigation.tsx,3413,86,65bbdc46b70a95e6b201a1089447ab1f7fd9ac7c2e63074a9a0b517ea0e1a8ee
legacy/skycoin-production-2026-09/client/src/components/NotificationCenter.tsx,11078,269,5eff6cf28941e58aff9730cb551a3f92e36469b224b9d61bbe46ba5f8a94be2a
legacy/skycoin-production-2026-09/client/src/components/OnboardingTour.tsx,10361,350,7bc5af0b9140e8544f25c32f04709f01e4ba12a8bb8bf866e84d5816318ae984
legacy/skycoin-production-2026-09/client/src/components/PageHeader.tsx,2133,71,2267e2a35483069f8f77f867855f23f2a5442f4fd5ecdc89646d9d6ba1777266
legacy/skycoin-production-2026-09/client/src/components/PageShell.tsx,4710,114,b5fd91ccdcfac974ba28e429fbfad25aa5f0935beee702595ac685a96c79b267
legacy/skycoin-production-2026-09/client/src/components/PageSkeleton.tsx,3130,69,03e223517d47debcb2e025af2872ce89233b81e29cf1716ed7a965e4acff9ea9
legacy/skycoin-production-2026-09/client/src/components/PhotoUpload.tsx,7263,233,5d712d3e9e25c712d97d8349f3b35dad6dbe1d776a1b417975c678fd05ca4c19
legacy/skycoin-production-2026-09/client/src/components/PriceTicker.tsx,3518,86,d48b0dd41476b74adfe89a791d33cce4b7b678195225e124342ab5f3838a49c6
legacy/skycoin-production-2026-09/client/src/components/SchoolLayout.tsx,9314,219,d3d7834d11323b02ba52a656ef148f312c674231bcafb8b0bcc36d7b43d4a384
legacy/skycoin-production-2026-09/client/src/components/StatCard.tsx,2546,73,930044677585db6a360739831d4dc130b7e17d1eac2834a806978ba914db5e85
legacy/skycoin-production-2026-09/client/src/components/StoriesBar.tsx,2388,52,7a9707b4bbb7438b308ae09be4148ef7d7933e449ad5313f01455a3193ee8003
legacy/skycoin-production-2026-09/client/src/components/StreamViewer.tsx,8273,232,f30e4850a47d4989e8e7a995ea032614bd608d4b322ed048de10402050559458
legacy/skycoin-production-2026-09/client/src/components/ThemeSwitcher.tsx,4566,135,66b97f6ca095f39276c6d8e88b2d0fc58abc3f4e5f53752e64e40d1320bb24c8
legacy/skycoin-production-2026-09/client/src/components/TokenSwapWidget.tsx,9631,200,84ae14d800198ea318b0a39c75776d04ee272f4cdd816e72f321cf9c1b395642
legacy/skycoin-production-2026-09/client/src/components/TranslationLayer.tsx,7150,221,791d3a2bed3f3cdeb4f02e2d36c2912bee7bf3cd1ee91e025d1f067fc45921a2
legacy/skycoin-production-2026-09/client/src/components/TrendingHashtags.tsx,2163,56,4e59bcb7b06950ad9dddcad01b5758cd11c0afb214b6b2963e6f626604211e9f
legacy/skycoin-production-2026-09/client/src/components/UnifiedAppShell.tsx,12701,288,704fe804e9d3d900f1ce2adeb9715372110d593e0f57edcefce4cc4c685f5ba1
legacy/skycoin-production-2026-09/client/src/components/UniversalSearch.tsx,9432,273,f90782633e1931753867da82078f0e1384f65f35b82ad8ac3a16dbb77946cd12
legacy/skycoin-production-2026-09/client/src/components/VideoChatRoom.tsx,7444,258,cf385279e94dbba0ddf022d89a82f341d386e5df64c260e1fc3431af0685e5af
legacy/skycoin-production-2026-09/client/src/components/VoiceCommandBar.tsx,6048,131,345b928f46055aa4e8a09cc3c08eaf04cbdd56bbcede9e0447d7596a1da43bd1
legacy/skycoin-production-2026-09/client/src/components/VoiceCommandHelp.tsx,5802,124,298f5ce8dede9adca26d20af746bbb88e14d8d3894414d91424aa905a3f52851
legacy/skycoin-production-2026-09/client/src/components/VoiceCommandOverlay.tsx,120,3,b2c8290bed4890a5796ccc4f299eb89b3a981d3b94d784aa7d594206e9f2e87b
legacy/skycoin-production-2026-09/client/src/components/VoiceCommands.tsx,2461,86,f81c19ff2c6a20b47a88e5cdc32e005b8b8fb000fa258a6db6280772699ea3a7
legacy/skycoin-production-2026-09/client/src/components/VoiceCommandsUI.tsx,9421,258,13062cd0eb3494aaca720b8fc51cbcf514a80713cc306a7062638f3f83cc1d87
legacy/skycoin-production-2026-09/client/src/components/VoiceNavBar.tsx,2107,55,7de11bde9b54f76c1a80ccd3fa677f7845d7a776df4a2bed213a8cdda5d3e8ae
legacy/skycoin-production-2026-09/client/src/components/WalletConnect.tsx,1672,50,a54dee9ec4ba63e3f660ae82939e17b5f6b86153ca7750824d8052a442596c5a
legacy/skycoin-production-2026-09/client/src/components/WalletConnectButton.tsx,6357,132,69228440eea961bbb83a7c3220cbc6565768ffa6f8a45d189db041d1a93e58fe
legacy/skycoin-production-2026-09/client/src/components/WebRTCBroadcaster.tsx,14363,327,5fc5a6c04929440a551d64c25def7c841916c4b3d2b65e30d7d64c151546991b
legacy/skycoin-production-2026-09/client/src/components/XPProgressBar.tsx,2528,63,2694825ecb753885fb22e3e4e44335547b17360d342d4f50aeb057e44a585c9a
legacy/skycoin-production-2026-09/client/src/components/games/AssemblyPuzzle.tsx,19011,473,8fbd0a9b5946a5a5dae9f456e277d93b877a5943d622f077a7251487a0818151
legacy/skycoin-production-2026-09/client/src/components/games/Blackjack.tsx,4043,88,405573d0d7cefff566be383e899ef6e624ba290b53d8e179208a1c907447b6cc
legacy/skycoin-production-2026-09/client/src/components/games/Dice.tsx,2454,56,826d122202e4b06a60a643f8450540d64bd7c875241aaceaf1931b8b081aa907
legacy/skycoin-production-2026-09/client/src/components/games/Roulette.tsx,2746,64,b9a445fcc3e3835906e9b552a33823fee56c1b036b525d3c4787483715913765
legacy/skycoin-production-2026-09/client/src/components/games/Snake.tsx,3368,79,26e7dc292e25ec5886b8efed887721e71af3ecf95f20eee3438ef995f2b45a5f
legacy/skycoin-production-2026-09/client/src/components/games/TicTacToe.tsx,2626,70,ea5c1511b571c155d6adceefe6d8feca5de54f55e0e09e3469634f7fe8aceb4b
legacy/skycoin-production-2026-09/client/src/components/ui/accordion.tsx,2048,65,7b96cf50388ad3d07be64924ab33ba5f63b79a6a5749ebe4d31c789c0bc00d44
legacy/skycoin-production-2026-09/client/src/components/ui/alert-dialog.tsx,3866,156,aeecd7967eb0be3bad2753b6633d9a43cc4c08cb35de872ffdc0b9f2b6a9b26c
legacy/skycoin-production-2026-09/client/src/components/ui/alert.tsx,1622,67,eccfc7f6ca9d51407cb413a3ca4b5ac721898ac93d38e95c02c35188ad674abe
legacy/skycoin-production-2026-09/client/src/components/ui/aspect-ratio.tsx,269,10,654f5d6e9ed17472305d7e6fc5de30453875ffae585f5d064aedc9e6945bdbb0
legacy/skycoin-production-2026-09/client/src/components/ui/avatar.tsx,1090,52,c2382ff71d7ef3492096ed6ef35bf82e1fd421a81d55ca80453f5f5138eac360
legacy/skycoin-production-2026-09/client/src/components/ui/badge.tsx,1639,47,51fd797c59e63d164ade736769f19f26e41c157daba29aa0b327b3b226f4d4ac
legacy/skycoin-production-2026-09/client/src/components/ui/breadcrumb.tsx,2371,110,dd84657e30691ea7f14a785c13b660d6cd626c08ba1df8439c3eca858ee3cd7e
legacy/skycoin-production-2026-09/client/src/components/ui/button-group.tsx,2220,84,ba1d824f0f4d8b5dd78a80fa766e3543eefb9173143652be2c7cb765af1864f5
legacy/skycoin-production-2026-09/client/src/components/ui/button.tsx,2097,61,b08b4785e03566c7a6063b3d57234deae41649676870cbbb9ab2448d816e1739
legacy/skycoin-production-2026-09/client/src/components/ui/calendar.tsx,7663,212,89308bce82e8b23b611cfbc88bc19f7b341d7109ab9a2838c04cb50922113501
legacy/skycoin-production-2026-09/client/src/components/ui/card.tsx,1997,93,1397e7d264d90162220ea7473b311e434651886267c71e7f58d4488be9d8ff39
legacy/skycoin-production-2026-09/client/src/components/ui/carousel.tsx,5603,240,42f66e6fde568c209df5d58a4ca13c3ae92d120a04fd99f7be695d6a570ef0a9
legacy/skycoin-production-2026-09/client/src/components/ui/chart.tsx,10098,356,70280802ae77487d86926d4b888d39833efa9ccb227bdf1e2c2d4c0c88e5c37e
legacy/skycoin-production-2026-09/client/src/components/ui/checkbox.tsx,1218,31,4fc309590e66d3c41e3be5fb73f988b0e916e7bf5fff321c22c3a64cd4fe97cf
legacy/skycoin-production-2026-09/client/src/components/ui/collapsible.tsx,791,32,95b5b9ea89a4105045c58b7eba539e57a1f4abc5a54d43ea0f7168f46b645eeb
legacy/skycoin-production-2026-09/client/src/components/ui/command.tsx,4838,185,47910540789d4de9e890de63bfc0046f9cf6bfaa86d496a98c79622900f8520c
legacy/skycoin-production-2026-09/client/src/components/ui/context-menu.tsx,8284,251,fe63c0a0dcabe749874ad19e07dee8418337c62dd64452fc08b5abf27b49b9eb
legacy/skycoin-production-2026-09/client/src/components/ui/dialog.tsx,6024,210,3ffd83bd2940c1191fde091bc47311aebc2b79d78824965a5c446115e58190aa
legacy/skycoin-production-2026-09/client/src/components/ui/drawer.tsx,4255,134,573deecc31f90fcd96f53a37b2e5363eb326fe737cbdb28cac38a5d014734fc8
legacy/skycoin-production-2026-09/client/src/components/ui/dropdown-menu.tsx,8434,256,ede99252b737a29eb1f05370956e2b842be161b6a661f1429155ac561653d029
legacy/skycoin-production-2026-09/client/src/components/ui/empty.tsx,2406,105,c0b612929b15fd498b984d8d98d1b082a3eb294be5aa8eb9cb53b67cf152f465
legacy/skycoin-production-2026-09/client/src/components/ui/field.tsx,6057,243,f093424ca5eadf43d46b020ed780aee7aa5f6d90d0b48fb50c031e3d7b0528c7
legacy/skycoin-production-2026-09/client/src/components/ui/form.tsx,3801,169,0157362d572713567d989b726277879e75c60c24684ade4aef854867dc2fac48
legacy/skycoin-production-2026-09/client/src/components/ui/hover-card.tsx,1525,43,bdfe831708e7de6b9fbb14d8fe5af5a0985f67cff3c2b5755b4b570c3b4e7ad5
legacy/skycoin-production-2026-09/client/src/components/ui/input-group.tsx,5066,169,f62f2be2ad4c2c7711e7b25b0d6c03572f7871cb4022e9f4f6860dcd77dd9e57
legacy/skycoin-production-2026-09/client/src/components/ui/input-otp.tsx,2253,76,45fc7fed882aa5024d8eea52d9b392d13b1d80f2b7f846365bc2586e3d16253d
legacy/skycoin-production-2026-09/client/src/components/ui/input.tsx,2728,71,0aaad971269e84519fb14928a70777db539b4cacf9f145fecd905ba483a199c6
legacy/skycoin-production-2026-09/client/src/components/ui/item.tsx,4513,194,89f2ed48c2270064d63e0a40f755c1da14e99e7db46bceac56d6dee7b45b8798
legacy/skycoin-production-2026-09/client/src/components/ui/kbd.tsx,866,29,4f8f3e521b2b007643b8a2c8f86cf547bd87e703dc2bed067083ca48f901d6ad
legacy/skycoin-production-2026-09/client/src/components/ui/label.tsx,602,23,7fdad17d8e83912ad0cfc372c551a901ab98523ef17c0792a17c592a147db732
legacy/skycoin-production-2026-09/client/src/components/ui/menubar.tsx,8405,275,53fb1c058fabaf0cfb3fb2cfdb9b17ccc8762376d62cc011150d919209b82c1a
legacy/skycoin-production-2026-09/client/src/components/ui/navigation-menu.tsx,6680,169,aafccbe2b05d9f80b7d007301b51aaede4692efc468304c5fb11b21cd0c0ef43
legacy/skycoin-production-2026-09/client/src/components/ui/pagination.tsx,2726,128,8f0d822b4688eb131e37fbf2330e19b269ab6487583be3249b98f3b68bb07928
legacy/skycoin-production-2026-09/client/src/components/ui/popover.tsx,1629,47,5e7bec05904d9091a7b53963f5b49660bf3564b02a057ef8640ab6855d6e32fd
legacy/skycoin-production-2026-09/client/src/components/ui/progress.tsx,731,30,2297e3c13d5b2a04a9164c3900c8cae2e477c07ebed35c4bbda98d1232ab7b7e
legacy/skycoin-production-2026-09/client/src/components/ui/radio-group.tsx,1459,44,025f03d81d4e304eb27d94e6517f37072a3941df8f8603ac55cfb42b17cd99ef
legacy/skycoin-production-2026-09/client/src/components/ui/resizable.tsx,1989,55,d46471d77550d808073d4324397f61ba98cda12b482ecdfdf9fef7417af1db2c
legacy/skycoin-production-2026-09/client/src/components/ui/scroll-area.tsx,1637,57,793c5d69e6e5ce8bcbe453b8834d53f3a90839fc8e8e1f9fe5f77e7626566677
legacy/skycoin-production-2026-09/client/src/components/ui/select.tsx,6297,186,40945665ec8363e55ae38f26115ee763cbc5548bed585eed569d406cbc4b7a75
legacy/skycoin-production-2026-09/client/src/components/ui/separator.tsx,690,27,23bbf3f74d01f55533f6f22ebbc2b299137421e07896cb7af21245756a10c27e
legacy/skycoin-production-2026-09/client/src/components/ui/sheet.tsx,4107,140,ab22e38f2cf312a31a84fb91f7e912f0da66e809f6e1ae675ec6cf0c8ec0ba61
legacy/skycoin-production-2026-09/client/src/components/ui/sidebar.tsx,21949,735,8410e63da583042e242245b9e2d9db4e100e55b1c52e3405557fda9291e33548
legacy/skycoin-production-2026-09/client/src/components/ui/sk.tsx,3407,82,0d6a57f3b93a27ab7f159bc85951e44a44a588397af5448069adf99733e103d6
legacy/skycoin-production-2026-09/client/src/components/ui/skeleton.tsx,279,14,1f75b999a5ad2f65e8fb807faa2b3fccef9eb333996fb4c9030575dac7393091
legacy/skycoin-production-2026-09/client/src/components/ui/slider.tsx,1988,62,9c458646597836916678a9bce2f3064d4d5cdb0c65d32d92bc71f57d7569fb6b
legacy/skycoin-production-2026-09/client/src/components/ui/sonner.tsx,561,24,a65fe9ded89363ec546f28401a26caec1a3aa38c52259eb829cfa33723dbe3a5
legacy/skycoin-production-2026-09/client/src/components/ui/spinner.tsx,335,17,ecd836d476573adb4403747c3457339276805433c20eacf3408303b76ec283ff
legacy/skycoin-production-2026-09/client/src/components/ui/switch.tsx,1168,30,688cccb52220e05f6770fb5e8296375f2a784bcf6585eb26a721a9f29361ab60
legacy/skycoin-production-2026-09/client/src/components/ui/table.tsx,2445,115,085566291cf03c9fea590aa9b77339feebf04cf8ce23494a3667f84bf4811e29
legacy/skycoin-production-2026-09/client/src/components/ui/tabs.tsx,1963,65,394b62295cee5185e858bcabfafcd5a7287910944c962fbd9c1c06444b22cedb
legacy/skycoin-production-2026-09/client/src/components/ui/textarea.tsx,2613,68,ffbad961ec02f9ca23f4157daa1a4139960c4477a245c216a793b4692dec142c
legacy/skycoin-production-2026-09/client/src/components/ui/toggle-group.tsx,1936,74,92e7640e30c4ae3ffd775e9a3d845327c26d9ce0f9f39555c2e7cfc2c8671c4d
legacy/skycoin-production-2026-09/client/src/components/ui/toggle.tsx,1563,46,a922c5e0534b9fd556ff8a8b56e25f7d24544be6050472cdd1ea003b8a0f3e47
legacy/skycoin-production-2026-09/client/src/components/ui/tooltip.tsx,1886,60,6f0c581e2018d676e43c0b4b5aeb62d3fe68e65907cf748548208d75ac212677
legacy/skycoin-production-2026-09/client/src/const.ts,838,22,35f0b6af2c7ce1fb6454b665a8932e57b4badd2631a163864653ef5781f08dd8
legacy/skycoin-production-2026-09/client/src/contexts/AudioNarrationContext.tsx,1147,37,19a60389e05dc508808810830223e9a37f98102d38016a1a5d2975c64b514bc1
legacy/skycoin-production-2026-09/client/src/contexts/DatingNotificationContext.tsx,4618,159,6930f20e0bf8c2fbe1d170b62a659ce697b19ff54ddbbb60a7f320fd70b5441e
legacy/skycoin-production-2026-09/client/src/contexts/ThemeContext.tsx,1467,65,e025cdb51ad747757235b16dccbb39b5e949cdf93fa9a822ff81ef6e32f65924
legacy/skycoin-production-2026-09/client/src/contexts/WalletContext.tsx,3851,146,c877273c969a7d83b0df77fb3a576509df099dd0fb3b492bce4e64297c59f24f
legacy/skycoin-production-2026-09/client/src/core/actions/actionEngine.ts,13738,379,abaa5b74b9d52925a12f82191fc6cdc0ce9831bc42599b09e1f84716e5a5d46a
legacy/skycoin-production-2026-09/client/src/core/actions/actionTypes.ts,6137,182,c74be69785ef13c6f937373701318b8c1443c89bcb6c3586c5f690da2d22696a
legacy/skycoin-production-2026-09/client/src/core/personas/personaEngine.ts,14151,371,6be380ce657393c2369380f5439967c2b54afd26730367aadf4735a6e8c8b70f
legacy/skycoin-production-2026-09/client/src/core/realtime/socketClient.ts,11577,374,5c48ca9ca2892a56c3c97f066e1e8ae5b9bbdf0544520dbfc4f38a5e6ee7392f
legacy/skycoin-production-2026-09/client/src/data/cryptoCourses.ts,12129,338,3a6ef0e40da676faa59e8c8cff0bcb134fcb9484721b72c86ccc2008af7226c2
legacy/skycoin-production-2026-09/client/src/data/familyLegacy.ts,1530,27,fd59f32ed6745e67c07ce155e7106548a1482df902489ea774b003bf4e08a94e
legacy/skycoin-production-2026-09/client/src/data/skySchoolCurriculum.ts,4774,89,c6adc93eadae75d409a6ec629e3b8d5be56665364e818e8d85fcbbbc38f134f9
legacy/skycoin-production-2026-09/client/src/hooks/useAIRecommendations.ts,7410,232,cd12684f83b42e4154d16652be0a319eb49ec423b38f6f25187b5e93d4a29c3e
legacy/skycoin-production-2026-09/client/src/hooks/useAudioNarration.ts,4550,172,90a894c48e5f4bc25e7363bed215e74066d3f1fbfad748abc3f964a1e7344e2a
legacy/skycoin-production-2026-09/client/src/hooks/useAuth.ts,471,19,8c61fc2d6ee4b315ba664568140e831ed0449455e570a3957afd950cc7b4c9fa
legacy/skycoin-production-2026-09/client/src/hooks/useComposition.ts,2333,82,674c515075a2f318d4ec2291313ba552488de0b2c1aac7f36f3d71c4e34d434e
legacy/skycoin-production-2026-09/client/src/hooks/useDebounce.ts,328,10,f20d7b4bcab9ada9af9529ef7efa27784e4370ab0a8060d9daabe357a1c7e996
legacy/skycoin-production-2026-09/client/src/hooks/useFileUpload.ts,1754,66,2daabafa3e56eac02a382c027f6744d701765ebfdcd34d64f5f8fa12858e19bf
legacy/skycoin-production-2026-09/client/src/hooks/useGamification.ts,6629,268,e0bf17213667dd6aa3054376550feaf22fae4868578dd4a7e53b1c6230daa38d
legacy/skycoin-production-2026-09/client/src/hooks/useGlobalVoiceEngine.ts,15549,310,16b23e6c5cc7c574f8a8c4d3beac7985688234e9eb75e804fe7d2261cd1ce046
legacy/skycoin-production-2026-09/client/src/hooks/useKeyboardShortcuts.ts,4259,183,3cad90f3713ee61b01020e1755fb226f76ec2132efd994245e78e82dfad42f94
legacy/skycoin-production-2026-09/client/src/hooks/useMobile.tsx,584,22,464e778a9da49481e3c6dac4f92ff589e01349b33063a74c45435cfeed81e1c0
legacy/skycoin-production-2026-09/client/src/hooks/usePersistFn.ts,471,21,60cc14f39a3f8b212d7baf4beeaf35f81e09a7c78e4154bcca3477e010879511
legacy/skycoin-production-2026-09/client/src/hooks/useSmartNavigation.ts,5766,186,a35e9d06e374dc473ccbbca84b2ebcdecab20a48ca30e0f96385fa3ddeab0509
legacy/skycoin-production-2026-09/client/src/hooks/useUndoRedo.ts,4486,167,f180f6e35239ef3751ddb943fc6223bdc01e2c9092c464028907b8d595c8fbf8
legacy/skycoin-production-2026-09/client/src/hooks/useVoiceCommands.ts,23204,605,5912b16b684cf25b988592c360c30f3bbbca3d77ca9a66256cdca6e930e7c832
legacy/skycoin-production-2026-09/client/src/hooks/useVoiceNav.ts,21687,229,d0c54d31a3e959eeaa0a3f1a691b58b4b120172f3023f87755d9109c92c40b45
legacy/skycoin-production-2026-09/client/src/hooks/useWebSocket.ts,2760,109,6d7204ae76d5ef7a818b78e658d2a84a1013d99ba58f9d8a4ae3983787571a8e
legacy/skycoin-production-2026-09/client/src/index.css,53811,1716,22ebf5da072c3ec7508cfa912526731e9630bb63d0ebea4f636534a33b2c51ef
legacy/skycoin-production-2026-09/client/src/lib/audioNarrationContent.ts,11037,274,99cd67b4aa39078a9c3c5d08dba0ed78f86c6459483d6dff8bf414733c958d06
legacy/skycoin-production-2026-09/client/src/lib/i18n.ts,575,26,9c7b5534688a580c185b0f50b078f8f27cd4ea239350a384b65860dc24338242
legacy/skycoin-production-2026-09/client/src/lib/trpc.ts,162,5,d883ad43f46eaf73342924feaf5342ce601d04abe1a828076625071931cc0ef3
legacy/skycoin-production-2026-09/client/src/lib/utils.ts,169,7,d1f1e0d62cb8d8d1e04c26e14de842d8a151f75812d81b046c65b5d1fe8e4b27
legacy/skycoin-production-2026-09/client/src/main.tsx,1899,60,ff672f8b4a619fe3ba863202e395ff7642fb7a511a76de19c4b805893dc038de
legacy/skycoin-production-2026-09/client/src/pages/ABTesting.tsx,2593,76,1e56bbd5c360951757ebc106540f12a0767092c2a5facf2a235990a343e9def1
legacy/skycoin-production-2026-09/client/src/pages/ABTestingAdvanced.tsx,2542,75,f8cdc0869c63f4d400fbc77c062a0ec31186532ee09c039ae55f6368dfe585bc
legacy/skycoin-production-2026-09/client/src/pages/AIAgentEconomy.tsx,4610,99,47a465fff9ad519654892b93b6b8934b92d4c3970acdc3e969f857335e5c857e
legacy/skycoin-production-2026-09/client/src/pages/AIAgentMarket.tsx,15216,349,c6dcb714c8512d9651e1b38896fc7d5261e0cc17fcba75aaa62afc8de4d97c59
legacy/skycoin-production-2026-09/client/src/pages/AIAssistant.tsx,2604,76,7428d86645dcc4ae13e3f9d15fce977a702bc810511299a0f78e90ae48db23bb
legacy/skycoin-production-2026-09/client/src/pages/AIBrain.tsx,23504,417,f2f0db59e4e593768f6811ce5865acec6d7ad1c582ac5760ba790be5b57c3488
legacy/skycoin-production-2026-09/client/src/pages/AICodeStudio.tsx,32074,578,9fdb0db9d6692d190e8b583b8ef04b3d9589aad4051e9e1e6a8d9349ab453799
legacy/skycoin-production-2026-09/client/src/pages/AICopyStudio.tsx,31398,615,eb50c9899183ebe47d19b3d0d9f9f44299f66cfa2d284d775f6c8ca50723707a
legacy/skycoin-production-2026-09/client/src/pages/AICore.tsx,11958,309,1b0f92b66aeb004276359e5647ab84111b06344d0e4fd660d2f6c9093d5a2581
legacy/skycoin-production-2026-09/client/src/pages/AIEngineer.tsx,30071,463,953a932e3e5ce860d2bbeb2fd047d81b32939496252d58f3c0c664205a7219a1
legacy/skycoin-production-2026-09/client/src/pages/AIGovernance.tsx,4492,85,a7208bd87293ba2b9fd6db1309cac9b2660a92681ff7a0c2deee11deb735b98e
legacy/skycoin-production-2026-09/client/src/pages/AIMarketAgents.tsx,22620,438,e1781cc601fd133a6eb32911c5188f9a2f1867e7ecbaeaaacd18751c3a7a755f
legacy/skycoin-production-2026-09/client/src/pages/AIMatchmaker.tsx,9821,221,3b39df358d87d90b9b806205d51d0c5ea4e894522e8c58eab830ad3eeeca8b7a
legacy/skycoin-production-2026-09/client/src/pages/AIModerationQueue.tsx,8942,206,5e04c237d8e0588907458f14e1b6cf58083e886d76e03c12a0f39be1ce0258f1
legacy/skycoin-production-2026-09/client/src/pages/AIPersonaFeed.tsx,14288,306,fb751bf6e0ede6b409f1f467050261fbb924c74727332052ada193e894dd8d72
legacy/skycoin-production-2026-09/client/src/pages/AIPersonaSystem.tsx,11557,235,46cf356dcf6770ef379d4e8439e16e560a91567967ee8a70fbe030b9c208288d
legacy/skycoin-production-2026-09/client/src/pages/AIToolsHub.tsx,11144,266,fc1dfc557624993107a6fa3a278ac3714ca11e89a8c37747b72c0f499de5dc4d
legacy/skycoin-production-2026-09/client/src/pages/AITrading.tsx,5324,131,d69fd98d934d5a6ef025bfce024bd2050b1baca3bee1cf39bd37847234f864f7
legacy/skycoin-production-2026-09/client/src/pages/AITrainingLoops.tsx,6202,126,f981dcd8fd87a0190aad742515f3fbedc1333fdb615a1818499e1ef2e868f9b4
legacy/skycoin-production-2026-09/client/src/pages/APIDocs.tsx,10742,269,9b93d7c74cfd3e3000a6dc95e787b313e6777786706381c101a09d4a99d7b5e2
legacy/skycoin-production-2026-09/client/src/pages/APIDocumentation.tsx,2608,76,08555a455c681452e434c1a804fda42d05a68dc915aa226384959b3236893135
legacy/skycoin-production-2026-09/client/src/pages/APIIntegration.tsx,2529,75,e3c84b97ada61bf12a876c5ba77f7561a8a197a3a6cfe7dfcf8c154185d46d77
legacy/skycoin-production-2026-09/client/src/pages/APIKeys.tsx,2510,75,8dbeed84f9f762a336505cd8a225bf2be3b3760b6950272dda335a031c9130e8
legacy/skycoin-production-2026-09/client/src/pages/APILogs.tsx,841,26,1d6cbf51dc0cef8b3e5233fb091a0310e5af2c6177e6bc4b7682feecd84eb9df
legacy/skycoin-production-2026-09/client/src/pages/APIManagement.tsx,3932,90,a4863e3f815ce94121e500b4bf19666258c45a89ad569f42e36c5e3e1f15a004
legacy/skycoin-production-2026-09/client/src/pages/APIMonitoring.tsx,2527,75,31fac40f6612303000a398046a6ce3f656bf886eb7b8ccfc8c23d984b1f37b5a
legacy/skycoin-production-2026-09/client/src/pages/APIStatus.tsx,2513,75,7aa303f1734fb362aca9746fca5e2bdb515d271805256a973cf3f38822559b05
legacy/skycoin-production-2026-09/client/src/pages/APITesting.tsx,2598,76,7c8f0889bac4368c3f3111693f299dab9967a8b2ce23d49fe8c6cab53944fefe
legacy/skycoin-production-2026-09/client/src/pages/APIUsage.tsx,2509,75,6f6a794b7a7727cdca7392e3deef1ada7b338ae50a13c3800290befae09c5658
legacy/skycoin-production-2026-09/client/src/pages/APIVersioning.tsx,2528,75,1988d7c4e4b502abac66c3596682e1010d6186b86ea45e581f8b983e9c7c42a0
legacy/skycoin-production-2026-09/client/src/pages/APYTracking.tsx,605,21,359fb597b551634736a0fea7f98b58a3a83ba034183db4dd664ef10d485dc2d1
legacy/skycoin-production-2026-09/client/src/pages/About.tsx,9989,175,0f7819597f8529669a7470685ce0559c59300225f9df286878cbf172a5d881fb
legacy/skycoin-production-2026-09/client/src/pages/AccessControl.tsx,2627,76,2b2e48309e60a19e31d3a96ec217508b64c2fbc734cbc9bf3609f7f1bc1d189b
legacy/skycoin-production-2026-09/client/src/pages/AccessibilitySettings.tsx,897,26,ed44f91fae6e795b89171734e57a450b3fb6c486c28b2c271c253e1143aef615
legacy/skycoin-production-2026-09/client/src/pages/AccordionNavigation.tsx,889,26,7c872736a86a9762feeb8a76179abfba2d7f308e191783d73a6dad23bfeed1ea
legacy/skycoin-production-2026-09/client/src/pages/AccountSettings.tsx,10992,261,a40ba458d615045fefda426fbb3a8668c999b7b052eb69dd71cd0be559c727b3
legacy/skycoin-production-2026-09/client/src/pages/AchievementBadges.tsx,629,21,bff6ac857b379e9d37f17b1243dbfd8957ec5e471c045064cfa4a6864a91d203
legacy/skycoin-production-2026-09/client/src/pages/Achievements.tsx,2607,76,546b5373ab6edd7ebe0b583a2a9a78720efc3dc1d630d8f19e2addc8125eb38d
legacy/skycoin-production-2026-09/client/src/pages/ActionObjects.tsx,15878,399,55151a14a33e16ae8621ddcd216397d40aa69378ea0d3012cb4f6c12454ed06e
legacy/skycoin-production-2026-09/client/src/pages/ActionPanel.tsx,18519,321,925a7fbd31a81be48384626ca1137b240e6d053f93aaf65feb892b7e30a369be
legacy/skycoin-production-2026-09/client/src/pages/ActivityFeed.tsx,2608,76,5a2ca3dddec4b90739c452618f7d9e7b2f78b140c10d38e11e6d8b3a43d9d404
legacy/skycoin-production-2026-09/client/src/pages/ActivityTracking.tsx,2612,76,ded4b2402c143132ffc4e3991ec2b3956105c8384f86d74008a3f6ac6ffa97c4
legacy/skycoin-production-2026-09/client/src/pages/AdaptivePersonalization.tsx,7642,156,a7941a93ea8110ff14272a4d95fde8a9f704b99c2095c0a5b4ca5faebc3ea38d
legacy/skycoin-production-2026-09/client/src/pages/AdaptiveRoadmap.tsx,15165,346,d14c899d8997b5fadcf6cbd404cebe156d7eec217fecea099055342a4a812a19
legacy/skycoin-production-2026-09/client/src/pages/AddBankAccount.tsx,870,26,f1ce49f0e84c930740b6963e94cbf31f5998f927d1480601d8414f4002a080d2
legacy/skycoin-production-2026-09/client/src/pages/AddCreditCard.tsx,866,26,541398684a68a81563c510b6bcfce293e9f56d69bf4f0100bb017e9c28d58919
legacy/skycoin-production-2026-09/client/src/pages/AddressBook.tsx,857,26,92211f278f263b2fc54c01d4033581b3ca52fe0b1057b177562f30da437ef9f6
legacy/skycoin-production-2026-09/client/src/pages/AddressLookup.tsx,613,21,02999e86575406187e35554f111b89e1679d1d4073365efe77a545062148ca53
legacy/skycoin-production-2026-09/client/src/pages/Admin.tsx,8204,159,46de3ceecea16331a135b260486df44e0b6f2a84c9c7c3f832b8f6824e81392b
legacy/skycoin-production-2026-09/client/src/pages/AdminDashboard.tsx,3956,90,58103ffffb16ce38ca26cab3742df2281658a6410a54b2cfbd024d98bf4a36ba
legacy/skycoin-production-2026-09/client/src/pages/AdminOrders.tsx,13230,185,8e2768b60969805ba18e16610b58763676595e58695880e886bb3eac96c78ba5
legacy/skycoin-production-2026-09/client/src/pages/AdminPanel.tsx,12273,236,c16bdb5d68446b8c807a2fb62e2ee4fe136fba2c9ebc40c7ec3bfe1c903a7894
legacy/skycoin-production-2026-09/client/src/pages/AdminWalletManager.tsx,13855,363,275b08e546e68f7271e0944ec261f2e6c4bc1e70f7398ada32038497946272fb
legacy/skycoin-production-2026-09/client/src/pages/AdvancedAdminPanel.tsx,13645,257,2fd94fb1ebd90199b98bb636f0ad8f559aabe9017d2f05707fe188a4e8f63d7c
legacy/skycoin-production-2026-09/client/src/pages/AdvancedAnalytics.tsx,9212,215,64adde66e958efb86a62b2051bedd83005e8c71ab55eb3f61ddfab5065759ef4
legacy/skycoin-production-2026-09/client/src/pages/AdvancedOrders.tsx,3956,90,9f5f93570717a9ea8d48ff74849f7a70bc4df8c8bb96d01eaca83d52155090d9
legacy/skycoin-production-2026-09/client/src/pages/AdvancedSearch.tsx,2608,76,89a21a4c66a64062526ae3cc7d00328ba5273fdb3d45b614181a29197d366409
legacy/skycoin-production-2026-09/client/src/pages/AffiliateDashboard.tsx,12340,244,1043fdf31a2ffedaa75032d7b91e6f36e56675ca19b643ef450cd14dd1e84bca
legacy/skycoin-production-2026-09/client/src/pages/AffiliateProgram.tsx,3944,90,10e83ef948a40dc1ec42c1cdc0eba2a1d3a244298574f69be2f894814d2c699e
legacy/skycoin-production-2026-09/client/src/pages/AgeGate.tsx,4215,97,1cc28be2ab2c4cde926ee0072f3d6d6523fbe82f04934e9f372b7c8d395b9795
legacy/skycoin-production-2026-09/client/src/pages/AgeVerification.tsx,621,21,bc056bb2c62f5f44c408ea2c455b4c10f38471762d1949c86db72bf7378f4e6f
legacy/skycoin-production-2026-09/client/src/pages/AgentBuilder.tsx,3823,64,125b2aab4ea2cfac6cb2c448a00c694ef7873065e59298c98b3b1f0cca48c690
legacy/skycoin-production-2026-09/client/src/pages/AgentCity.tsx,11108,236,9952c6a712c924447dd3edc3b56b807fc9304b3a2065d5d752aa07d5e6c7cf68
legacy/skycoin-production-2026-09/client/src/pages/AgentCoordination.tsx,11996,217,ad170c24a44e7576aaaea3f8e49951e9f1ebf6766dd44216761c808369e84bcb
legacy/skycoin-production-2026-09/client/src/pages/AgentCoordinationHub.tsx,13691,314,c6a996b4a41503e1c7f33da5bb537e9bee0c1affdb6aa0c84851d4204c258f53
legacy/skycoin-production-2026-09/client/src/pages/AgentDebate.tsx,15643,353,c018337b1515ebc06e95d68bdb48e42bf349e3e491cf888a13c5407263956bce
legacy/skycoin-production-2026-09/client/src/pages/AgentDetail.tsx,3774,65,57d52272ddcc59a8420a72397c16e58d428b1dfc40182bba71d88ec001716608
legacy/skycoin-production-2026-09/client/src/pages/AgentMarketplace.tsx,8482,181,120e7f810bdb6df623bed81b60e227e968f384c8b22b325dee0c5588ab5fa8a9
legacy/skycoin-production-2026-09/client/src/pages/AgentPerformance.tsx,2611,76,65349fd40ab4694b375a4f11db472330972ec8a3823b791faf751f30c6c68774
legacy/skycoin-production-2026-09/client/src/pages/AgentSprint.tsx,3231,53,91bbfa8fecc87d925ef764e5b10ff06f9a60a21b61e513930217a0fb8224348e
legacy/skycoin-production-2026-09/client/src/pages/AgentsDashboard.tsx,6226,105,e5b3b5dc7e5ef580ae51c5f72dcc6e50c4f7dae7d18207460b679ac1e2c17a1b
legacy/skycoin-production-2026-09/client/src/pages/AlertConfiguration.tsx,2536,75,1401f62e489e0aa24104c4f96cc5cdbe599769fd14507801eeeb6775a35bed66
legacy/skycoin-production-2026-09/client/src/pages/AlertDialog.tsx,856,26,0df80afe63423c4eb12571521ffd503371c526f2a421423d78c929b9c87b8a14
legacy/skycoin-production-2026-09/client/src/pages/AlertManagement.tsx,2633,76,0384e3ec1c4fedd52e66ac53e6d5d6c940126bcace1675c64b26c132fb99fc81
legacy/skycoin-production-2026-09/client/src/pages/AmbientFeed.tsx,15240,394,9e80b39bc2888421acaaea3aaad558b9f021e16f0088a07b782a45b1f891a7a8
legacy/skycoin-production-2026-09/client/src/pages/Analytics.tsx,5592,106,6192ecaf120addea82c5dee85d5a82b417866fbbdb87164c0e43a94006da1231
legacy/skycoin-production-2026-09/client/src/pages/AnalyticsDashboard.tsx,14007,330,b1f1f5b995b1e5dc3f3ab849cdd106ebde839dfd1b0c75ac85686ecff966ac57
legacy/skycoin-production-2026-09/client/src/pages/AnalyticsProducts.tsx,5616,144,28c51f38ca3930ae52b7afb838f90bf58ac8d0ebc8e49b4f1359284aebabc650
legacy/skycoin-production-2026-09/client/src/pages/AnalyticsReports.tsx,2619,76,90276f843281a70bcc196cea574612da6dc6235e93910b2cb3ed5b76df54a6a7
legacy/skycoin-production-2026-09/client/src/pages/AnomalyDetection.tsx,2536,75,d28e8a71730becda30b2d1604205305fc7380623df04fbaea0b5fb00ab18ce8d
legacy/skycoin-production-2026-09/client/src/pages/AntiSurveillance.tsx,12513,207,97fb21f863182142a8aeff7567fe62eb1692d08e42f44fbf8e967fbe3a0590cf
legacy/skycoin-production-2026-09/client/src/pages/ApprovalWorkflows.tsx,629,21,467be5c61efe237cc492616d48ded8d6a415dffa4c8e5dea1cb96a8f7d24c365
legacy/skycoin-production-2026-09/client/src/pages/ArbitrageBot.tsx,4482,85,783cf5e81e76fba3bdd99b97605b58a4a70d95d4538a0585d7b786da539f804d
legacy/skycoin-production-2026-09/client/src/pages/Arcade.tsx,7525,130,e7ed561257bc25a71abd5c0056462efe4c6f008967306e1c69d74a9ff79e5534
legacy/skycoin-production-2026-09/client/src/pages/ArchiveManagement.tsx,629,21,d842cbe0481251b8cae5dac107a09fc943cd9ff4ee5a85fe6a1feec34f1fbdda
legacy/skycoin-production-2026-09/client/src/pages/AssetAllocation.tsx,3960,90,2f0924c48e56e2537eb26d07ed9b56475402242dfcc0cd3a55c7b796d13fd0d6
legacy/skycoin-production-2026-09/client/src/pages/AssetManagement.tsx,2613,76,16a2d6c538e68a14ecc8dd42befc2b0d2274c4199f0ef2f4f26f412be0c52328
legacy/skycoin-production-2026-09/client/src/pages/AssetTracking.tsx,613,21,cd789f9dddb3008a2e7a5989447fa3de489475489854c4775d7b917b0bd7bc10
legacy/skycoin-production-2026-09/client/src/pages/AssignmentTracker.tsx,2620,76,4464b5a3dbe5e1753414c346e487a609380d89ca9cc557cc98929ea41c6175b0
legacy/skycoin-production-2026-09/client/src/pages/AttributionModeling.tsx,2632,76,e9cc7273d3913c87b6a65b3bf55aca877439a25399ab5aaef580332d03d07270
legacy/skycoin-production-2026-09/client/src/pages/AudienceSegmentation.tsx,2627,76,dbd62c21dc726bd06d1eefe38adf33f8013b84fc1ab2f755f15dde6276e0bd5a
legacy/skycoin-production-2026-09/client/src/pages/AudioAnalytics.tsx,2613,76,a33b2509ccd82c752760633d6793a946d20f4b8ce904c9ecea368585dc287cfc
legacy/skycoin-production-2026-09/client/src/pages/AudioEditing.tsx,609,21,38ec3a6a537cc08378573408b305eca96d44c5f8a682605b23cf8e7ad59c4247
legacy/skycoin-production-2026-09/client/src/pages/AudioLibrary.tsx,2606,76,7e731e779589cfb9cd9c9e4536b914d767523e9121d180597a9f582981b7892b
legacy/skycoin-production-2026-09/client/src/pages/AudioPlayer.tsx,857,26,15540c9373ffd1175da34fa0244b42ad8bb2ccadeae5c05736d9dfc3d534e86c
legacy/skycoin-production-2026-09/client/src/pages/AuditLog.tsx,3947,90,9b42b2de65586fdf140e56f5844bf89ed9563df6187a44ef7d8f72c1c0d105e7
legacy/skycoin-production-2026-09/client/src/pages/AuditLogs.tsx,597,21,505715d2ab4b626d93a433a878d1db422d8a47c915d4da9c426f8706302f698d
legacy/skycoin-production-2026-09/client/src/pages/AuditTrail.tsx,2512,75,7d143917a1ea2cc930400b99ab73f1978b4c55c032a812c284604a980d4ab4b9
legacy/skycoin-production-2026-09/client/src/pages/AutoResponder.tsx,2607,76,e94d63962de87c4e84f581bc9a46e921aaec354336a82be57de7d4bd51cdf8a1
legacy/skycoin-production-2026-09/client/src/pages/AutomationEngine.tsx,15609,296,409b530b9d205f2d6e7b0b32c99ea55e5ca9ee01698a6033a35c68128841554b
legacy/skycoin-production-2026-09/client/src/pages/AutomationRules.tsx,2620,76,0e638017c57934294eb13bf2db7da50d72d847b920c61b79568038fda8922bd3
legacy/skycoin-production-2026-09/client/src/pages/AutomationWorkflows.tsx,11683,211,7176b486311da43b58ccdfb8100a25fc3086ebfe7cd716561a276e7379730c36
legacy/skycoin-production-2026-09/client/src/pages/BackupManagement.tsx,3969,90,20ebfa2ef77e05993c6b991421dc92b2f5e30551f388764fa0f7a0d06df4a297
legacy/skycoin-production-2026-09/client/src/pages/Badges.tsx,3951,90,4adff27fe6491bdff362d5e816418c14336687dc920f417f579236decf4f4c5b
legacy/skycoin-production-2026-09/client/src/pages/BanSuspendUser.tsx,870,26,cd09dde609f636c9643bea04cf72ea7835aa94664302b3d7193c546de60f7586
legacy/skycoin-production-2026-09/client/src/pages/BatchGeneration.tsx,621,21,f026fad558522b4b5285e453eaed60b77eae7ec657b747ca3e4ba6ec4eed95d0
legacy/skycoin-production-2026-09/client/src/pages/BattlePass.tsx,11333,237,a9d72dd406c7daa749e0a4454b5de4010b29f749071ab9728ba5373896bf3102
legacy/skycoin-production-2026-09/client/src/pages/BehavioralIntelligence.tsx,16004,362,7d76cc4227c7361658861a3b7dbf6726d2a0e5d8777936dc2a0fd73600e8e039
legacy/skycoin-production-2026-09/client/src/pages/Beta.tsx,3449,58,7b7ca19d6645ccc743f1ed265271172891930ab4b26a68b45e201ff91bfce726
legacy/skycoin-production-2026-09/client/src/pages/BillingHistory.tsx,2626,76,d927097d7c90c1829e2fadb093fa15018c22d8f9a570ab133bbcc3b06b7316df
legacy/skycoin-production-2026-09/client/src/pages/BlockBrowser.tsx,609,21,f2b90cd1aae5568840d9156721a2665f34a4406c6a27f926a7ce000b0093b76d
legacy/skycoin-production-2026-09/client/src/pages/BlockRewards.tsx,609,21,0751e8ad2a7a273838f11e555b6971bf8c26ac850dab7e3a6939f3436e8bd526
legacy/skycoin-production-2026-09/client/src/pages/BlockUser.tsx,849,26,3749d487dd52cbcb72af0caad68ed583c254d2dbf40e6026b60be175d9d2ce51
legacy/skycoin-production-2026-09/client/src/pages/BlockchainCustody.tsx,27545,627,e40ed70cdc56b580fda61fa5049245aefc5cdc21808d47331e6992811c162f5f
legacy/skycoin-production-2026-09/client/src/pages/BlockchainMonitor.tsx,2540,75,932eb1d3fde1a38996845d88c8f2ac8bec30c200478d5357a2a1dadf1136c66d
legacy/skycoin-production-2026-09/client/src/pages/BlockedUsers.tsx,3923,90,15788aeb6a2519818b271b8aed529a3030924a7bc44a53f41559df4b8b0111e0
legacy/skycoin-production-2026-09/client/src/pages/BlogEditor.tsx,2608,76,6552bf79831896b5419525806319a173ca52f86f668b3cad6a29328419ff87c0
legacy/skycoin-production-2026-09/client/src/pages/BlogPublisher.tsx,2617,76,7ab571b950986aa4ea22579d3cd1aa2651c23fc24711466f4c906b15790eba20
legacy/skycoin-production-2026-09/client/src/pages/BookPage.tsx,8493,173,61e0bbf832a56dfe474b4f3bd04bf786057a3e062496568869a8362917c23dd9
legacy/skycoin-production-2026-09/client/src/pages/Bookmarks.tsx,8090,163,af74db3fcb3461e23078c6c68e0ca17b2ad665c060a85d1b78d9302e0c6e4307
legacy/skycoin-production-2026-09/client/src/pages/BountySystem.tsx,16403,449,ce9f5ede2f408f0181b34f57de1b3f6d994c5f65588cc87c4beabccc7c37a5fe
legacy/skycoin-production-2026-09/client/src/pages/BrandGuidelines.tsx,2612,76,3f317582cd27b1f3c87aba51c7cec4b629f7436d5209bdc6b614db4f90f50e60
legacy/skycoin-production-2026-09/client/src/pages/BreadcrumbNavigation.tsx,893,26,216fd8b6cb14c02bc8d4d8fe7a5d63f314974736bd91b98b0c2f19a5369c1a32
legacy/skycoin-production-2026-09/client/src/pages/BridgeProtocol.tsx,4495,85,a6eb1b3bf20d2fde910409d32918f9abc170b5e5d7149386dd791f814445c03b
legacy/skycoin-production-2026-09/client/src/pages/BridgeTransactions.tsx,2543,75,c44f632aaa2d271795dfd85db808743457ab944a9a029f46a7007db6520b0f8b
legacy/skycoin-production-2026-09/client/src/pages/BrowserExtension.tsx,7509,147,1b3d9d5c2d682c6430a5df4625e12271e644e3cd3b75d7da422d4597f97e6d2e
legacy/skycoin-production-2026-09/client/src/pages/BudgetPlanner.tsx,2606,76,90a2f54f4b84d61b3efb051f0695e521f1082f9e9118d000b9f376679baa54fc
legacy/skycoin-production-2026-09/client/src/pages/BugReporting.tsx,2599,76,aa04cb0fbd836d133e23cbcc3ed37aa0271df8812f4aaa7041612a70b5efd771
legacy/skycoin-production-2026-09/client/src/pages/BuildOrder.tsx,9779,240,8e850abb0e59118f011c2985926294c097762761fb939dc61914640d9c7e2b44
legacy/skycoin-production-2026-09/client/src/pages/BuildRoadmap.tsx,9163,208,3b830c3f928d5092c52454eba5120cec3e7a8f070dc03d833e73759b907583b8
legacy/skycoin-production-2026-09/client/src/pages/BulkOperations.tsx,2525,75,1a8ffd64bb22d0eac22c7bb28224ef7e4daa8128ee38e1914f76d7d5c2820514
legacy/skycoin-production-2026-09/client/src/pages/BulkOrdering.tsx,609,21,989eda9d7ce3f83d599c49819bb5c5e53e7cd7db837660d4a31a61949061cd91
legacy/skycoin-production-2026-09/client/src/pages/BulkUpload.tsx,2610,76,0c688b87794d7ba8055a35c9780cdae2ed9f6d19135d68472a9b5d42ab69ee09
legacy/skycoin-production-2026-09/client/src/pages/CCPA.tsx,2498,75,38c7a849da8760788fecd51ec90a59c1e34321282a5bde3d6ca048bfee32404e
legacy/skycoin-production-2026-09/client/src/pages/CDNManagement.tsx,3937,90,69b8b1f0602f25a92ae54bf62df970d4e5d8e75b6baba20e73ffb5972dc95427
legacy/skycoin-production-2026-09/client/src/pages/CRM.tsx,15579,287,4ac7e81b0a60e4236d2449728bfa351b96c64f1fbf8cdb764843ba26decf0c1e
legacy/skycoin-production-2026-09/client/src/pages/CacheManagement.tsx,3935,90,59ccb9fada932942a8f9b1e7e09f88cf134ac55ab3fce79510f36cc7c91ed857
legacy/skycoin-production-2026-09/client/src/pages/Calculator.tsx,2601,76,820c609f55dc04c9fea293af7c71cf9e7be2651d16a385b2105104650268e958
legacy/skycoin-production-2026-09/client/src/pages/Calendar.tsx,2590,76,cf011dae76bdf6cf52ef9812e0cad3be101da87cb1adfed67898d7095b5a5100
legacy/skycoin-production-2026-09/client/src/pages/CalendarView.tsx,861,26,cbe5cc338c6059c55e55da7f07e6af0411efd49cf2152a3162ee2420f53815a7
legacy/skycoin-production-2026-09/client/src/pages/CampaignAnalytics.tsx,2623,76,a7da8af0132afe6d58f3151071b9383d534c617c93f2322dabbbe929d77e1f0e
legacy/skycoin-production-2026-09/client/src/pages/CampaignBuilder.tsx,2613,76,6640efdd24452efcbce467c0de72698b3704235700d1670232ef9113a35f3ff7
legacy/skycoin-production-2026-09/client/src/pages/CampaignCreation.tsx,625,21,936426ffb14509dfdace88c90eea9cc6b95b796353f462da5c8cd02986508c12
legacy/skycoin-production-2026-09/client/src/pages/CarRental.tsx,2589,76,6b123fd5bf0a731f1c01c1fb297a425e969a9cd2f7357d8d3cdd2f66cf484274
legacy/skycoin-production-2026-09/client/src/pages/CardGridView.tsx,862,26,702d8c4e337a61e7989e9c280f7f3ff5c99148fb4962a78661e1aa6ead5f50d2
legacy/skycoin-production-2026-09/client/src/pages/CashFlowAnalysis.tsx,2609,76,4de311a90060631bcbf5068339d760731f775392b79f5c0846050070dddf2fff
legacy/skycoin-production-2026-09/client/src/pages/CategoryManagement.tsx,2542,75,460d08cf6bbdb96fdcadcceb87265f293a9b7cba8b6afbb1fc6abd7e114bd65e
legacy/skycoin-production-2026-09/client/src/pages/CertificateManager.tsx,2626,76,9555e429222f4b1c541db886501d79d8ab1f3c38246137c85687c97cd16fd379
legacy/skycoin-production-2026-09/client/src/pages/ChainExplorer.tsx,613,21,a72fbcdf242685950807d878e3604d2cdd782dd6229f1dad67c322e16b0addfa
legacy/skycoin-production-2026-09/client/src/pages/ChangeLog.tsx,2511,75,b492ffb5fd5df2126a3da05fc9ab552d30ee43ff24c7025797d5a44073d32030
legacy/skycoin-production-2026-09/client/src/pages/ChannelCustomization.tsx,3975,90,3074f6a6d6bf2ea7311e5afb8cde1f2b43b257f2e756120d1a033db4924702b6
legacy/skycoin-production-2026-09/client/src/pages/Charity.tsx,25998,472,c84d90c85f5290bb1c3c0fd939cb73b067de407686721c120e3b8b989a4a532d
legacy/skycoin-production-2026-09/client/src/pages/CharityLeaderboard.tsx,7699,135,61bbe474cebb31b7679488d26db9fb318fc582e5649747030dd9ecdde9da3437
legacy/skycoin-production-2026-09/client/src/pages/ChartAnalysis.tsx,3957,90,5172b55d66e96e5533c5b32b15b693c7b536d689711b76fbf32fc44dcf1cbea4
legacy/skycoin-production-2026-09/client/src/pages/ChartDashboard.tsx,869,26,d32bd122598dab30ff703faabd2ec4a68b2bc4f6d22eba548325c1e04e5941d7
legacy/skycoin-production-2026-09/client/src/pages/ChatBot.tsx,2593,76,673d2d875db7cc2742445c2f930a182e5909c87d32714582f7a237c93b701830
legacy/skycoin-production-2026-09/client/src/pages/ChatHistory.tsx,2605,76,2dbb43b00b256ec31d2da7c4bf99f088e770290043330230952c1695b8de8949
legacy/skycoin-production-2026-09/client/src/pages/ChatMVP.tsx,27060,528,9cff12d970ea23f24e034e502b86f01d520f12986bba2728ca55cbb7c6501394
legacy/skycoin-production-2026-09/client/src/pages/CheckboxGroupForm.tsx,882,26,d33c0d9bcb130c2329beecac4222ef349e3aebe4731f8887a7f2f95ce9f53072
legacy/skycoin-production-2026-09/client/src/pages/Checkout.tsx,2607,76,0963c006baee3d14fab02d4534dc6ba555ee79c5ef2c429208cc123dd732e4eb
legacy/skycoin-production-2026-09/client/src/pages/CheckoutFlow.tsx,609,21,57ae71465de7ea4252220733532cd50b97b12ce14a9cf55142103a5f1ad1ac36
legacy/skycoin-production-2026-09/client/src/pages/ChinaEdition.tsx,23667,483,11bd65bbe742f94d05d6b1bcd48044411b0c0ec5dda0d1112c2b409a6f14f90b
legacy/skycoin-production-2026-09/client/src/pages/ChurnPrediction.tsx,2532,75,14db3f10ff7ad6a7bf6c978735a44e7be0dfdd5f64c10c907afa0b0bf541b44b
legacy/skycoin-production-2026-09/client/src/pages/CitizenPassport.tsx,9886,198,87bf8cf8b5e7ae6377f9794dbf21258fb9d19f484429ebd79fd34300284b808e
legacy/skycoin-production-2026-09/client/src/pages/CivilizationSimulator.tsx,11813,285,d24ad31ed6b152fbea7bff7ec8590f70ee41e690fbeda5f147ce9a198e3fe03c
legacy/skycoin-production-2026-09/client/src/pages/ClanWars.tsx,13572,269,b08d0bcac89bf5acd2efa47ba5afcd7537480384437d55436cd54982cb7ac5b0
legacy/skycoin-production-2026-09/client/src/pages/ClassroomManagement.tsx,2624,76,4fa1369cebcb916e5047bf29c6210338ec749876cdf429e91ce80023e0911e0b
legacy/skycoin-production-2026-09/client/src/pages/ClientLibraries.tsx,2532,75,e04f5a4ecb5516c08b741240c23b35353e45edab5517767711812c793c67ae40
legacy/skycoin-production-2026-09/client/src/pages/ClosingChecklist.tsx,2613,76,3f500897bb8bb8b34561d8a7416907edd9a5acbddc4dc0cb11d53b39ca889457
legacy/skycoin-production-2026-09/client/src/pages/CodeCompletion.tsx,617,21,9b30e8dc8902f10c1f582085bd88e79a0b3e238db79e5990b93c824ee3c13b6e
legacy/skycoin-production-2026-09/client/src/pages/CodeFormatter.tsx,2606,76,e9c4ec6fc67386744e2d06ba0b4963a4b455d6adea394250714504aeab17e9f7
legacy/skycoin-production-2026-09/client/src/pages/CodeHighlighting.tsx,625,21,ff8153515c60ce24ece1b193b1fe924b119414d899e26bb6b927fab687f6c5e2
legacy/skycoin-production-2026-09/client/src/pages/CodeQuality.tsx,3164,47,a20103d66e48675030fad342c6b9da3f3367ff5fb066e43f2d407ad454639498
legacy/skycoin-production-2026-09/client/src/pages/CodeQualityDashboard.tsx,8671,188,f3a3609f8476c0672d14bc1a20ec3a477c12978c8c5dbf9d691a74a8612b68fa
legacy/skycoin-production-2026-09/client/src/pages/CodeRepository.tsx,2606,76,09b58481d7ffb77887b26c4f9950bac32bb6cd55048fccb8264f9cee572f6ed7
legacy/skycoin-production-2026-09/client/src/pages/CodeSamples.tsx,2598,76,f34a5edf8771b00117f76287abb31267a9c6625db1d14ff25246e3881f614d0d
legacy/skycoin-production-2026-09/client/src/pages/CohortAnalysis.tsx,2631,76,4dc4c8963cbb8f1b735d389618fce2724bfac58f0ec357e89f7af46595ae8bea
legacy/skycoin-production-2026-09/client/src/pages/ColorPickerDialog.tsx,881,26,596facb55048908743fbd3503693342d276aca22ad960cfa008cb3b3c135cf6c
legacy/skycoin-production-2026-09/client/src/pages/CommentThread.tsx,2624,76,f2abec3c1252aca97ca8bfd6a7f4c5d06bb9fda8a78f8766ead28e3b219c1877
legacy/skycoin-production-2026-09/client/src/pages/Comments.tsx,3954,90,4be738cf077346f8779989293180ac376321934de1e0ef0872f44adcf06a7fd2
legacy/skycoin-production-2026-09/client/src/pages/CommentsSection.tsx,873,26,db6c91d0c3cb284fa09b671a3b570d0ba999fb2ef82fe53b7240fcd7d833fffa
legacy/skycoin-production-2026-09/client/src/pages/CommissionManagement.tsx,2550,75,7696356817e1f2b13aa1f14cb76a678e02122063d741668a0d21398976e8e3d2
legacy/skycoin-production-2026-09/client/src/pages/Community.tsx,16364,309,47169d00ba069ec34303ff1dc3a258a1c4577f69291a687c0642a45c0ebb0a30
legacy/skycoin-production-2026-09/client/src/pages/CommunityCreate.tsx,6797,169,1a2b3734c483ba7164c72d231268671d887015ee72344013776db896d842c7de
legacy/skycoin-production-2026-09/client/src/pages/CommunityEngagement.tsx,637,21,e9fd79ab43af8a20f3b57cf59f6a07ec3ef2d2064f4a2b40248a855e33f20d2b
legacy/skycoin-production-2026-09/client/src/pages/CommunityGuidelines.tsx,2627,76,50de7ed5264c7617c95c933afe16683ee3bdf3a8f60c99717ee8f2ee8e910c61
legacy/skycoin-production-2026-09/client/src/pages/CommunityHub.tsx,3933,90,f5c59f686a7c604ed237795cc4923a54fb1b19669fbe17d4f78a9936e6f6c290
legacy/skycoin-production-2026-09/client/src/pages/CompanySimulator.tsx,13498,297,828cac37bb62b60211736eeb0b4ac4328c4a61c77d9d687ae2d5094edd4cd293
legacy/skycoin-production-2026-09/client/src/pages/CompetitiveRadar.tsx,16430,347,365d5e9c527fb8108ea054778fe1a16e18a4de5d5500e5d666f3d7d57d6de0dd
legacy/skycoin-production-2026-09/client/src/pages/ComplianceCenter.tsx,20223,409,1dab69567a7c3d3f84523b91333cbac66363c57c1ccccdeb5c0ef36262c4b191
legacy/skycoin-production-2026-09/client/src/pages/ComplianceChecker.tsx,2539,75,37a09557c7f706d99eda51f8af8063a2f90ba38d2034b2e6d93d1872a11c3802
legacy/skycoin-production-2026-09/client/src/pages/ComplianceChecking.tsx,633,21,ff27b723d98798d7ed7a01420984e91f83792f62415d2c9d4c72dd9ab3d4faff
legacy/skycoin-production-2026-09/client/src/pages/ComplianceDashboard.tsx,2642,76,ca7a399a28d4b76bfcdad699a0215f73e869602e0083bf386047ee6b2f8287b9
legacy/skycoin-production-2026-09/client/src/pages/ComplianceReports.tsx,3968,90,96b5ae80c16a0157c0f61a268fbcfbf87394408f0cc67819a7cab71cda37fdc3
legacy/skycoin-production-2026-09/client/src/pages/ComponentShowcase.tsx,58340,1440,d6db7885d737b22439f5ffec4a2dd5b435164b6da5322e976558c073188e087e
legacy/skycoin-production-2026-09/client/src/pages/ComprehensiveEcosystemLanding.tsx,19492,377,725aabbee68e0f24eb4dcd0454b9a3f69e5eb043c5f5147261386b4433cb8209
legacy/skycoin-production-2026-09/client/src/pages/ConfirmationDialog.tsx,884,26,2443cf81c0f56d1274f387863b1ce5bc52f0b8e40c07da9251320511f5854702
legacy/skycoin-production-2026-09/client/src/pages/ConnectedApps.tsx,865,26,4369d80d08e85f70583720e0675af190245d48d6e99abb0043522529220b9703
legacy/skycoin-production-2026-09/client/src/pages/ConnectionError.tsx,878,26,59efde08471bf4a415aabd13a310fbc6a0710dfbdd9e5c18a38d5da24d2c8ea1
legacy/skycoin-production-2026-09/client/src/pages/ConnectionRequests.tsx,2628,76,c43f426a48abecf7cef86253df24a05a32e7bfd85ec5fccfe9eff9c8dd164629
legacy/skycoin-production-2026-09/client/src/pages/ConnectorIntelligence.tsx,14167,349,13d522f4b9aeadeafef59a60f515d243bf0288fa65d5d3e7ac2fd67e07430fad
legacy/skycoin-production-2026-09/client/src/pages/ContactManagement.tsx,2618,76,79046fd6b5e75c8277911568961b8ed50d88e75dda12afefc5915ab41df92936
legacy/skycoin-production-2026-09/client/src/pages/ContactUsForm.tsx,866,26,7e5bb8f42702da971357f6f16c1ac904becc9b69cc5fa04abab5c5b0139e9ed9
legacy/skycoin-production-2026-09/client/src/pages/ContentAnalytics.tsx,3964,90,24b907d4761757994fdb35bf179c0c893279154f216e1a21ec012a04e31d09a4
legacy/skycoin-production-2026-09/client/src/pages/ContentCalendar.tsx,2615,76,40d2418069be36c8a13df75ff36277567b9890a73cdb59568693b6da7f067782
legacy/skycoin-production-2026-09/client/src/pages/ContentCollaboration.tsx,3965,90,b852ee0de909f2f7f6ed2c403726adee537d1c48c6564c8d1161351e173aa8fb
legacy/skycoin-production-2026-09/client/src/pages/ContentFlagging.tsx,621,21,99b6e807a1b42b3a1d0de6bf1e12e0bd6c91cd542d4a0ad64305bf5bdff2ffc3
legacy/skycoin-production-2026-09/client/src/pages/ContentLibrary.tsx,3951,90,4a70e18b04551abc7006995c2eb6c72d8e69730db9c014e4d36b8c6b746b1f45
legacy/skycoin-production-2026-09/client/src/pages/ContentModeration.tsx,3958,90,59d4b8d6e4bc8b48a19e99916f1cb3a8bb20c9b6bd71e795a8681fec67de22fe
legacy/skycoin-production-2026-09/client/src/pages/ContentScheduler.tsx,20171,430,4662fbc81325e4cc667920963fecc5b41433340d7f4f8b9d539f582fb7408b8e
legacy/skycoin-production-2026-09/client/src/pages/ContentScheduling.tsx,3968,90,2966627a9d6c7b5dfa98fad8e7c7e80dbae4f7af7c263018c34b1fbf2732d0e8
legacy/skycoin-production-2026-09/client/src/pages/ContentUpload.tsx,613,21,547fc9b92c54a2050f046e47cb5fa596f0beded41ba884f2fcba7c25c0507b36
legacy/skycoin-production-2026-09/client/src/pages/ContentVault.tsx,9251,172,9de954fb3db5f999fb438ea3ecc7d2566f09030efc23cddae09031c8255328c4
legacy/skycoin-production-2026-09/client/src/pages/ContextMenu.tsx,857,26,3c1106a5f470d7c3fe981e3c3b9d8dabe2126fdc4ed96acf14a324791ebdeadf
legacy/skycoin-production-2026-09/client/src/pages/ContractABI.tsx,2523,75,73ce84ddf5cb28ea39d9f5f6c2c2dab429e96820dd0746a288693fe53dde29fb
legacy/skycoin-production-2026-09/client/src/pages/ContractManagement.tsx,633,21,bc7885602886ee8eabe55274f515b69776891bd1bd76fa2edf4aee81287e6f20
legacy/skycoin-production-2026-09/client/src/pages/ContributionInterface.tsx,645,21,e3e9e906dfb801015c8f87d9096c560c183fbae0ce7e6f1e0b58214c333437e6
legacy/skycoin-production-2026-09/client/src/pages/ConversationArchive.tsx,637,21,2ecb0a718081821251043c1b5c6a9de337baaf79afeb573cbf1fb83489ec35b3
legacy/skycoin-production-2026-09/client/src/pages/ConversationHistory.tsx,637,21,9c359dcd22edf5a2d9109cb5c632e45bb5ab10e6cfc6a83ba554dbaa8945acff
legacy/skycoin-production-2026-09/client/src/pages/ConversionFunnel.tsx,2636,76,45b446195d1124b0c9431ffb5e7db4e1291bad4cd6a26a6716d923fce20c4c48
legacy/skycoin-production-2026-09/client/src/pages/ConversionOptimization.tsx,2638,76,e14269a9d30bd7011ab778cd850c14d96f18154fb9aa2a26e0f19d3329c9a64c
legacy/skycoin-production-2026-09/client/src/pages/CookiePolicy.tsx,2520,75,0248f5385da61e3096e513415f590722d9ffe6a8034d2101468fab7ef04e6696
legacy/skycoin-production-2026-09/client/src/pages/CopyrightManagement.tsx,3981,90,f4c1020074eae4043636e59dc2ab8834723a29446510096c37d4fb367092aff2
legacy/skycoin-production-2026-09/client/src/pages/CostAllocation.tsx,2624,76,7afb11e3d8cb8b752ca45a09bc7249078055ea9d90a4a9fe0c7d0f3d72777599
legacy/skycoin-production-2026-09/client/src/pages/CostBasisCalculation.tsx,641,21,99dbf816f125dc6f84965201c452778a9253efcba8399b46014d734a81a67c7c
legacy/skycoin-production-2026-09/client/src/pages/CourseBuilder.tsx,2605,76,295494ce6348dd36d050f6258fd3c956a8a1072a9faeaa979d8e80bbc8ef0d31
legacy/skycoin-production-2026-09/client/src/pages/CourseCatalog.tsx,2605,76,431062913647699aef0501343c9c34434234fc91621425b153f29361b9a61558
legacy/skycoin-production-2026-09/client/src/pages/CoverPhoto.tsx,860,26,e926a47110daba813f26b81bb86c0e57b826731044769dd7abce25e195f572f9
legacy/skycoin-production-2026-09/client/src/pages/CreateArticle.tsx,8264,164,7256c736466e9e94e5ff58fda10018d049b8e32a6ffa06e68f059ce261b51d77
legacy/skycoin-production-2026-09/client/src/pages/CreateAudio.tsx,8281,140,2e5c71c07497f7681d0a8631421aa3c975db9d552aadd07ae2b50740da742f42
legacy/skycoin-production-2026-09/client/src/pages/CreateDrop.tsx,12097,187,455cb708208d2dbfeb8b2cc3242ac908f975e85f40d010585f050c6be17ace5b
legacy/skycoin-production-2026-09/client/src/pages/CreateReel.tsx,10885,276,6ffd21a27243b38d2fa8d2b2e8f66bafdb6268d035bf247726daa776aa1dbccd
legacy/skycoin-production-2026-09/client/src/pages/CreatorAnalytics.tsx,25746,477,732641572c8402501dbad6b8904e9203e64f53f74e893825be5b62e0943d5999
legacy/skycoin-production-2026-09/client/src/pages/CreatorDashboard.tsx,22445,406,b0269a162ffa3b588a5413818f651134a9d31e1f537e2fea195cee46de430f4b
legacy/skycoin-production-2026-09/client/src/pages/CreatorEconomy.tsx,4172,99,e414161d635c7bdf2cd204284a59e5ccf5398aa4fb3a0b1bf1a700215b114539
legacy/skycoin-production-2026-09/client/src/pages/CreatorFunding.tsx,3931,90,9acc719fd7ba600cf8e9a75d6760c945832e1519d2e82c9333cc6dc59f1d41f4
legacy/skycoin-production-2026-09/client/src/pages/CreatorGrants.tsx,3932,90,77281d87212c2bb14fcbfb3c272eafdbd9106c5434b6c0560ae148a0afa7c525
legacy/skycoin-production-2026-09/client/src/pages/CreatorIntelligence.tsx,6833,131,000c61c3c18fa463570d0bcdd3cdeca4b920d521310fe4103cc11d8cc28c9440
legacy/skycoin-production-2026-09/client/src/pages/CreatorMonetization.tsx,12120,202,ff1631bfdeac7a5c1286766c300c78ecd53c11f1f9119179430b868a1ce9bced
legacy/skycoin-production-2026-09/client/src/pages/CreatorNetwork.tsx,3951,90,3dcd7de90b1a30ce27576a61ace239ccd80a039aa7aaf315b4464d9e16ae463b
legacy/skycoin-production-2026-09/client/src/pages/CreatorOnboarding.tsx,12094,300,462121ad05dbd70831c812816640fda9df7ee6d5d348cc4172362a3c82a43a87
legacy/skycoin-production-2026-09/client/src/pages/CreatorProfile.tsx,11358,236,45164c889ae9ba6e939a3bce7e630f4633e19171b9d53c91803fb474fa657a11
legacy/skycoin-production-2026-09/client/src/pages/CreatorSpotlight.tsx,16338,336,8ed8269c2e761a6df6b8b10f59f91ff67cc2d8be5ddef17b0a5ab9105c8a3b14
legacy/skycoin-production-2026-09/client/src/pages/CreatorStudio.tsx,3932,90,fdf44688e47d0e2b0200e0f17828ee00fc411eb0b540d44e0c5bc657fc4c1df7
legacy/skycoin-production-2026-09/client/src/pages/CrossChainInterop.tsx,7685,152,1ef0593fe97ba00a98bf0862775ebc4fdf6508a7fbae9a1e20375091363e50f2
legacy/skycoin-production-2026-09/client/src/pages/CrossChainSwap.tsx,4548,85,830ae7ced319036ae4178dfd3645e32f054ebdded490a0b20d4fa609590e81e4
legacy/skycoin-production-2026-09/client/src/pages/Crypto.tsx,10976,189,a5239d2e4f3b9de19d9d06619e2f52e8129c7346035b0489cbe2bbf337bf90d7
legacy/skycoin-production-2026-09/client/src/pages/CryptoAIDashboard.tsx,6796,183,bfe81cd5489a19dc700073feb542489f94e593509a4734e1efa0e6ce84f35d13
legacy/skycoin-production-2026-09/client/src/pages/CryptoEnhancementsPage.tsx,8304,145,2d88a45a690e8fe3af34398d05feb5547280057b44aef5d7b9bf4ab613e18939
legacy/skycoin-production-2026-09/client/src/pages/CryptoExchange.tsx,3931,90,0b9cd8f14621756260a271e88abf2bab1d3bbcfb3903ab731f60fedce3127824
legacy/skycoin-production-2026-09/client/src/pages/CryptoHub.tsx,45819,834,183aaba59397b5e362ef767cd811e016a9aee2fcd02379cef9a189b185c64100
legacy/skycoin-production-2026-09/client/src/pages/CryptoNews.tsx,3945,90,077845caf6e5dcaf56a156af90315af6d5101294d6a4db824e0f83225f6b4a73
legacy/skycoin-production-2026-09/client/src/pages/CryptoResearchHub.tsx,21568,464,f60e0ba7f94d52d1e1eca4678b0375928db8efc0c45ae2aefea6bf634eb8886f
legacy/skycoin-production-2026-09/client/src/pages/CustomDashboard.tsx,2539,75,d0a9bb9d3840e60848fc2ecac1bc3201837bcfbb802a5d19869bc83db841e73a
legacy/skycoin-production-2026-09/client/src/pages/CustomReports.tsx,2630,76,b3f07016c4a7cc884de604e6430a6f7baa41ffc457bf1cf5fb2f9fb61b556166
legacy/skycoin-production-2026-09/client/src/pages/CustomerAnalytics.tsx,2638,76,2c5471f1bc781d1353d5963f3ea43866affa3df34097ed16bdd6c4a3952c68f8
legacy/skycoin-production-2026-09/client/src/pages/CustomerDisputes.tsx,2538,75,9675e89f643ea8a2f63c0cb19d9adc1e6f9bc1c776c5d4af374b0ee14ed339ab
legacy/skycoin-production-2026-09/client/src/pages/DAOGovernance.tsx,4491,85,db9ec31e5e3d061f7400347790dd85be74d3cd897334480acfcaaa5d951ffb3c
legacy/skycoin-production-2026-09/client/src/pages/DAOTreasury.tsx,2523,75,f3e93e2e8cc19f590bd556d2804fd7ad7d970a1de179dda554862eef98b4b51d
legacy/skycoin-production-2026-09/client/src/pages/DCACalculator.tsx,3962,90,9025e6acb5af650c6de1cd513e1c49800694cc1c41c3f352b9ff5d525f129294
legacy/skycoin-production-2026-09/client/src/pages/DEXDepthChart.tsx,16078,297,70cb24965d99ad64862af33d69d9390889bd3ae317617f85a0bb477f3b90f756
legacy/skycoin-production-2026-09/client/src/pages/DMInbox.tsx,16295,237,660cbd17dac3aca5a7022594602005ebf8a1a83e434adc8377201d2c4ba5effc
legacy/skycoin-production-2026-09/client/src/pages/Dashboard.tsx,20457,358,d9d8863cdbd76d21709c3a7ad1dcf0f4f60cab321c07a2b04504f64ff0783c8d
legacy/skycoin-production-2026-09/client/src/pages/DashboardOverview.tsx,2633,76,54f8cd7f67bd6d2d0b50dc6669ea771f3e290b171bbbf1d6f7983a0e80a7f960
legacy/skycoin-production-2026-09/client/src/pages/DataExport.tsx,2613,76,6d7e6270c2dc92e7ce987d8c1c1d5e082003cc12d9a77be67dc0c62b92ef4891
legacy/skycoin-production-2026-09/client/src/pages/DataGrid.tsx,845,26,c10f4a5b2690a0db8c77c358a0c2f17f0c2f5b01f6768e3d0efa092ca9cce99f
legacy/skycoin-production-2026-09/client/src/pages/DataLake.tsx,6891,137,6408b14607901c0f448ae4ab99efb63ea49fdf0151f888d4e117ccc57eab1072
legacy/skycoin-production-2026-09/client/src/pages/DataPrivacy.tsx,2610,76,368a65f65cf3b732c499eee7516b473955e110b5f069dc9fcb8223ac2a3b2240
legacy/skycoin-production-2026-09/client/src/pages/DataProcessing.tsx,2528,75,afda1338e3b3d32edb371eed29922760068fe98b87cca2fdbcd9f69fdbb4e7b8
legacy/skycoin-production-2026-09/client/src/pages/DataRetention.tsx,2531,75,45bbaf28c1bc369ac010477ec82870ea3387b8b5741fe4c1d5d4e9197b460b51
legacy/skycoin-production-2026-09/client/src/pages/DataTable.tsx,849,26,af08425a87b138004c4429ca31969d391caf379c7806ff12debf23ec804b3ed6
legacy/skycoin-production-2026-09/client/src/pages/DataVisualization.tsx,2540,75,7acdd47d18c0fda833d5f85bfcf4724d471313ba62e3dc46d87895b20ba5b9a1
legacy/skycoin-production-2026-09/client/src/pages/DatabaseManagement.tsx,3972,90,ea0e7d20fc5393a6887e6883d34af3d42c7a38d724acaf17326441defeb12335
legacy/skycoin-production-2026-09/client/src/pages/DateInputForm.tsx,866,26,7558493e370617d6040f9764e9a3116947cac7b95814e8f7b429ca2e7b618ad0
legacy/skycoin-production-2026-09/client/src/pages/DatePickerDialog.tsx,877,26,e7164204cc515cb510819c347ec382fd20ae0356e9d9eb9b688db6ee3c7edf28
legacy/skycoin-production-2026-09/client/src/pages/DatingDiscovery.tsx,7018,217,1b95a493e2d510cdf078283728ddbbcf298599501805b28418c0eba2015cea0a
legacy/skycoin-production-2026-09/client/src/pages/DatingHome.tsx,10298,267,06b29613f4e5cbf5700d752af9d47a5a3d5a7511f95e83bec4fb665c5df841fd
legacy/skycoin-production-2026-09/client/src/pages/DatingMatches.tsx,9617,270,b57e7f21ccb61bfc86616139e1a3c52177aa76d6fef2812b90ba88e2978f664b
legacy/skycoin-production-2026-09/client/src/pages/DatingMessages.tsx,8493,248,c140b4553fbcf8f483eac78751eb491b9da4e6ff29c89a0b17991e4d5d9deac7
legacy/skycoin-production-2026-09/client/src/pages/DatingPremium.tsx,8304,221,8845e412ba61e7fca052cb0664a236c1f836499e5f8050ec8c448ac9af534e74
legacy/skycoin-production-2026-09/client/src/pages/DatingProfile.tsx,13547,393,c1693e845a15957f27cd1539c23c02e5bd467a9c64007ead68511c2c3e533902
legacy/skycoin-production-2026-09/client/src/pages/DatingProfileSetup.tsx,15217,406,9920f7bff659e251c9998d96cdf90035ee2d13b92b88410e0acd73722a36bb46
legacy/skycoin-production-2026-09/client/src/pages/DatingSubscription.tsx,9708,266,2559133e766024a68758493f9f5446524badd0ef3a6b364e74cdcf8275663324
legacy/skycoin-production-2026-09/client/src/pages/DayTradeRoom.tsx,9164,216,f9e0d9966f2a594ea0bed362dabf516a432c5c55447be0a3f14a24023a85a7ef
legacy/skycoin-production-2026-09/client/src/pages/DeFi.tsx,8265,172,53a5bd1ea67fe1012c7a5846c49f2396b3a147c83c989c4ce4cdae587bd0efad
legacy/skycoin-production-2026-09/client/src/pages/DecentralizedIdentity.tsx,6149,123,e75c7153309fc3ff03d6df317a8ecb4498877bd062efaf23c1263bf00ec1f9db
legacy/skycoin-production-2026-09/client/src/pages/DefensibilityMoat.tsx,6697,160,639ebd925e3f7c582a7338bbbaa9f3fb004c83dfe021cfed3e9556d6b044967d
legacy/skycoin-production-2026-09/client/src/pages/DeleteAccount.tsx,865,26,7726875ac5f2a0dc1631a6633cd9a66062af920a101dd2d23b80ad8d0f584434
legacy/skycoin-production-2026-09/client/src/pages/DeleteContent.tsx,865,26,be574b9eb70a2e78e21b760d0e39cd825434895cbfd2fd6dc42094625682e6a3
legacy/skycoin-production-2026-09/client/src/pages/DepartmentManagement.tsx,2643,76,aef43c0202b8d79bee773a584dd514cc82588d3a66f473defd3befc96b9504db
legacy/skycoin-production-2026-09/client/src/pages/DependencyGraph.tsx,2626,76,d00e8a6fd3b750cde1a13e07d477e50406030aaa26250250ac69955c3d27560f
legacy/skycoin-production-2026-09/client/src/pages/DeploymentPipeline.tsx,2617,76,3ceb82fe87f55540921fa49ae2a2b6671563afdfd10bf281fb6d117d117abdf4
legacy/skycoin-production-2026-09/client/src/pages/DeprecationPolicy.tsx,2541,75,6a0af77acbc316b46baa67836f2c7cc5d5094b1573215ee9aa21ec4314977dea
legacy/skycoin-production-2026-09/client/src/pages/DerivativeTrading.tsx,3973,90,b0f7a242267a69092f42ce657928b8cfd1283e4185b68626df7cade4bd80b935
legacy/skycoin-production-2026-09/client/src/pages/DerivativesTrading.tsx,633,21,77c056e3ebd43aeceeb49777efd5ff57474773e1585795f2fd0176377e25bcc7
legacy/skycoin-production-2026-09/client/src/pages/DestinationGuide.tsx,2616,76,231b139261d5126129875fd181b2f5f24444fa3f308ee8e5a1a8a0c2e61fc92d
legacy/skycoin-production-2026-09/client/src/pages/DestinyEngine.tsx,11825,295,e793e6d8666d37cea53d482cf32a37e9d9c05323883f445c54ea145d11376748
legacy/skycoin-production-2026-09/client/src/pages/DevOps.tsx,19489,343,b9ae91eb5451de64fb807ba8d189cfd5783541da2256e5e19c7892545b97bb63
legacy/skycoin-production-2026-09/client/src/pages/DeveloperArea.tsx,5403,138,b1225f47eeb1d9dbdc701b06856065cf28b8b0a7d543c5288c83df46e934ba51
legacy/skycoin-production-2026-09/client/src/pages/DeveloperCommunity.tsx,2615,76,8466eba73f9214c7671fccb57fd00e221a6784f53e933f9acba1833df162faae
legacy/skycoin-production-2026-09/client/src/pages/DeveloperMarketplace.tsx,10657,146,1bcbe7e126f0ef9d38f0284683ed87cddf39e956e8f6429d4fcbb8bdac66d3e3
legacy/skycoin-production-2026-09/client/src/pages/DeveloperProtocol.tsx,14178,268,eb802b1c64bfacefb897806ef8491455a7d28fa226bc1d0e7b1790fe54aa8497
legacy/skycoin-production-2026-09/client/src/pages/DifficultyCalculator.tsx,641,21,cc3dc02832795de79fe1c10b629cf0d62a4b4162e23290105af612dfebe4b553
legacy/skycoin-production-2026-09/client/src/pages/DifficultyTracking.tsx,633,21,7a746b0abb508991a347ba4d9636d45d94ad9742b8c52a02d48638b3e8ed298e
legacy/skycoin-production-2026-09/client/src/pages/DigitalArtStore.tsx,13551,316,2c4373aca8f763d06a344bb18dbfd948162ed21bf478fdaa7b3acc9db8692c0a
legacy/skycoin-production-2026-09/client/src/pages/DigitalNationMode.tsx,24558,490,2926248aa107393ecdc5ae28b1c0c4973ecda87df950f4c76ad1926046fdac6b
legacy/skycoin-production-2026-09/client/src/pages/DigitalTwin.tsx,6620,158,3e47efa9c15c242388e8f0b5b03ce481f3b1f28036e608ac65cf5d634f732363
legacy/skycoin-production-2026-09/client/src/pages/DirectMessages.tsx,3936,90,aadbc66ee3cf8f4a20adeb91cc935b87f932f4f66319e4ba78d4a42e3a623a4b
legacy/skycoin-production-2026-09/client/src/pages/DirectMessaging.tsx,621,21,32843859d6ae6e5167a8996a4215fca543d5b350d844b3dce031285191b3fabd
legacy/skycoin-production-2026-09/client/src/pages/DisasterRecovery.tsx,3989,90,25cefcff89563774628f24696b3c42f2387b8b28d9b595e0307ecc1b72139ecb
legacy/skycoin-production-2026-09/client/src/pages/DiscordIntegration.tsx,2542,75,02adfe9d4b55927e4be5d26c5d8c2fce3ded491a12fed0d829f5277dd857f3a3
legacy/skycoin-production-2026-09/client/src/pages/Discover.tsx,9783,295,8924f5eacee2803b98fa6ce33c82e5677be15e66117827197415a3a5fab8d954
legacy/skycoin-production-2026-09/client/src/pages/DiscussionBoard.tsx,2606,76,530b528edab238f4cdb800d8de2a716309349467e7048cf5cabbbba2f211e496
legacy/skycoin-production-2026-09/client/src/pages/DiscussionForums.tsx,21927,572,45205cb1b55301665f6f92bca924e7168613325e101c2e2d11820d12cdb9389a
legacy/skycoin-production-2026-09/client/src/pages/DisputeResolution.tsx,2538,75,86cad0d2f96dece5c019bc1c7c04f68f65670661a9e601138de52ee89649496c
legacy/skycoin-production-2026-09/client/src/pages/DistributionChannels.tsx,2637,76,30e46ad5c63da81bf8af16619745d4e6ce4fb6e1d74239a12a2d892cc635cc5f
legacy/skycoin-production-2026-09/client/src/pages/DocumentEditor.tsx,2619,76,814c7d1a039ad2222124112fc67beb22e24a87e63645429b9ba264c7c67dc06c
legacy/skycoin-production-2026-09/client/src/pages/DocumentManagement.tsx,633,21,311beb8357c94ca20295bd176daf85a617139b768d87b1d469f2c51b9fe406ee
legacy/skycoin-production-2026-09/client/src/pages/DocumentSharing.tsx,2623,76,d1d95b817e5d798216b346a53c52b00c5c43062383219774cfa4a6f2e2cf8760
legacy/skycoin-production-2026-09/client/src/pages/DocumentSigning.tsx,2608,76,58946db53eae6e683cd1cd578e96a8fae0586ec45ee1fd0aa310110eb2bcd96d
legacy/skycoin-production-2026-09/client/src/pages/Documentation.tsx,864,26,98a9c75f20936c20bf911ddb67c8e5bdc17701ad9b591037fe7d0ff794e395cc
legacy/skycoin-production-2026-09/client/src/pages/DogecoinPoolSelection.tsx,645,21,62c62c4b815a156ea652c0b3e4f01ddbd60cbb09479b86fcdfc3bf7a7c60bfca
legacy/skycoin-production-2026-09/client/src/pages/DomainManagement.tsx,3949,90,eaa02756057d43341f8283b9ffb33aa4645bd370d94b3dcfd5e0906a4de97632
legacy/skycoin-production-2026-09/client/src/pages/DonationProcessing.tsx,633,21,a83321a53cff350ff511300948050aeda15d99adc75adf94c064425e5de81fbb
legacy/skycoin-production-2026-09/client/src/pages/DropdownMenu.tsx,861,26,b31a94b82846cdd16d78b6a905c1da32b3eb323d0c339a4a126d1a6810f1a758
legacy/skycoin-production-2026-09/client/src/pages/ENSResolver.tsx,2523,75,ca72d67dd07db69eb7135901c0313df1e54ac151e8f96e717a4f71574b96bc79
legacy/skycoin-production-2026-09/client/src/pages/EarningsTracker.tsx,621,21,91133af3d543dc1a47db2b747b1ab6c3a95d1688a6ee93e565273fd1b02b53f3
legacy/skycoin-production-2026-09/client/src/pages/EarningsTracking.tsx,625,21,4f4e53df7d7c5480e4c8a6b71222366745281011f9ff69df5e8fb01594bbcc3f
legacy/skycoin-production-2026-09/client/src/pages/EconomicLayer.tsx,16620,390,43bbf9897a3fd9caf69477a36b85734bf2a9b4a4904b6863a952f385425ed99e
legacy/skycoin-production-2026-09/client/src/pages/Economics.tsx,4059,79,b38e94c33d9e405eeda74b1bedb67245241e77d210d4b91d52cc69648670727b
legacy/skycoin-production-2026-09/client/src/pages/EconomyControl.tsx,10249,203,0aa972bd87eff66ecca92e9a85ea57f2696e5b4d3caa82453d816d5ac415e510
legacy/skycoin-production-2026-09/client/src/pages/Ecosystem.tsx,20680,514,11bdf5569c8a99d3f38787d471637eada0e651f6db3ac0cc0255a798009b1f24
legacy/skycoin-production-2026-09/client/src/pages/EditProfile.tsx,857,26,4ff66ff50e855dafecfcca01b1a3915488a838231297157f73f6be84a31cb340
legacy/skycoin-production-2026-09/client/src/pages/EmailCampaigns.tsx,2609,76,bdaacbaa0901f352e78a12cc0abfc8b55610dfea19a67595c6f33a2e789f5f3b
legacy/skycoin-production-2026-09/client/src/pages/EmailConfiguration.tsx,3952,90,795cab6962fc4ac8799136e0f66b087eb76e8def06d56e9f638187e3fd0b5e62
legacy/skycoin-production-2026-09/client/src/pages/EmailInputForm.tsx,870,26,929da7c7660be8b481251e528fb1ca4597ef47b99294bf34c361cbe84d634168
legacy/skycoin-production-2026-09/client/src/pages/EmailIntegration.tsx,2538,75,78bf92e518407542ed77d8cecc38299de55200484e4a9a196574f22cb6fc0d26
legacy/skycoin-production-2026-09/client/src/pages/EmailNotifications.tsx,885,26,a3e0fde0f2aac7e4b4a5b238581f3e04affe8a280658b97b523e1c5b3bf49681
legacy/skycoin-production-2026-09/client/src/pages/EmailTemplates.tsx,2612,76,d1e40666f843d8dc7fbfb9e46193ed37c9f13e1f3a4ad9b45eaa94348ddf33d3
legacy/skycoin-production-2026-09/client/src/pages/EmailVerification.tsx,5070,135,95b8a5abf74c7b4187c7f9170fd14b1001fa8055e0a45cccfbe07dda4d53d284
legacy/skycoin-production-2026-09/client/src/pages/EmbedSDK.tsx,9930,236,84d89312a72d3b95d9f9dcbd4c8f79c44a1923b9dfb493930d5b4508e60f4f2f
legacy/skycoin-production-2026-09/client/src/pages/EmptySearchState.tsx,878,26,674855bce7903182355fbd50caee6700ef2a64d8d26bb3818b97bd9d05242862
legacy/skycoin-production-2026-09/client/src/pages/EngagementMetrics.tsx,2634,76,f20656404a88e681cceb9e8ec03c58ae51c81d84eb58050a59940b435d6d2efe
legacy/skycoin-production-2026-09/client/src/pages/EngagementStats.tsx,3970,90,cdda6eae336b8e88468bfd4218c1caeb4b06db844686346c53518f0c487577d8
legacy/skycoin-production-2026-09/client/src/pages/Engineer.tsx,9748,242,7f231d7fa8e783cd8a2e2963a43d1e746ae538bdb71381c1dfaf228bb1d05d7e
legacy/skycoin-production-2026-09/client/src/pages/Enterprise.tsx,26655,602,4583f616b029e474f0cc0de519ad404f2c7aeae46703f24dfd5c992325617eee
legacy/skycoin-production-2026-09/client/src/pages/EnterpriseAPI.tsx,4936,145,cb0f41369ef5d42f4641e6454f98b771c9025b6204b5947b224c31831689975a
legacy/skycoin-production-2026-09/client/src/pages/EnterpriseAnalytics.tsx,19054,372,ee8b324e4d5664eb8965f0d5a5cb814f391a37946cf575df871efa37bdebdffe
legacy/skycoin-production-2026-09/client/src/pages/EnterpriseBilling.tsx,6304,150,c36bd34cd5ec648cbfd1ebf5fd90e462a80ba0d10c89698c1dd5f34aed359bfc
legacy/skycoin-production-2026-09/client/src/pages/EntityProfile.tsx,15660,334,5cf48d99d3a6da44ba3b86dcfc83ce1832e9448645b2e0a8bd35b2b985f37448
legacy/skycoin-production-2026-09/client/src/pages/EnvironmentManagement.tsx,2631,76,9cee195d67ef592a5eee6c5c3922db508c4263a44b8f10de5c566c93c02f5a42
legacy/skycoin-production-2026-09/client/src/pages/Error403.tsx,854,26,0637eff9a44fcedce70738e96e6abf8218c7a0ef9c521a008b8bc0ec9a2b5a90
legacy/skycoin-production-2026-09/client/src/pages/Error404.tsx,854,26,0f2797aaa6efc255859338dc35b1dc4a304e0a4a87b99c43b802bf2c4790fc48
legacy/skycoin-production-2026-09/client/src/pages/Error500.tsx,857,26,06129d3296a06cfbb5e85ae553a9440caf3a08572d32658c0ef9aa133eb170c7
legacy/skycoin-production-2026-09/client/src/pages/Error503.tsx,859,26,76adb02456371274194863c883651ea41b82428a6d5090a8d3e0204abe789e90
legacy/skycoin-production-2026-09/client/src/pages/ErrorDialog.tsx,856,26,1f3bb18a774a4407d1551a38145657f28d497408028174022ac219156a7531ae
legacy/skycoin-production-2026-09/client/src/pages/ErrorTracking.tsx,2607,76,0fae13ecee30eb1caff92a2d6e9b23b95a13889ada3db67bcdcbcf57d3940929
legacy/skycoin-production-2026-09/client/src/pages/EscrowShop.tsx,7161,166,f4f3391c43ef85f2eb0c5eda1f9f826aab7d04f3d9fa349bc7ee259c6919a8c0
legacy/skycoin-production-2026-09/client/src/pages/EthereumPoolSelector.tsx,641,21,a03f174a8906de54625044b1bac62f4c0f90ba48a450291083d97c46b797abd9
legacy/skycoin-production-2026-09/client/src/pages/EventAnalytics.tsx,2613,76,5ea2ae59375bb6dd49e2cf87a2844618db3f9abf906ca6c7eea670c8fd253369
legacy/skycoin-production-2026-09/client/src/pages/EventCalendar.tsx,2613,76,d318fce21c0048dba42b1bf861f4146296c8774ab8a1942b096217e03ab7177f
legacy/skycoin-production-2026-09/client/src/pages/EventCreation.tsx,2608,76,a39bad7c48cafe1966464897e8fccac1a087f970cead4cf97ea04f4b9b0e7b01
legacy/skycoin-production-2026-09/client/src/pages/EventPlanner.tsx,7352,131,bef10aeffcd3847049cd62d7aa26084a6734c770a18d4f07613400896b9b2099
legacy/skycoin-production-2026-09/client/src/pages/EventRegistration.tsx,2618,76,1fe1f51647d5882384b48e47b2bf9137c9b58a4a2fbb3df80bf0ffcd9e888301
legacy/skycoin-production-2026-09/client/src/pages/Events.tsx,8384,172,77a49913ab2518cf20ed8489135d372a4482cfbf997d880e40e213b16528a80b
legacy/skycoin-production-2026-09/client/src/pages/ExecutionHistory.tsx,625,21,7375643ece6826ca7174db42e69008ce9fc9d5a217075d1ff9ece10e85443d72
legacy/skycoin-production-2026-09/client/src/pages/ExerciseLibrary.tsx,2611,76,62d104dd318c0459f240512abef570a8c41c5d13fdafce31fb945400f329a198
legacy/skycoin-production-2026-09/client/src/pages/ExpenseManagement.tsx,2628,76,e44eac0f703a39b85e47cea11eecbb07f7479160b011da2ba1212ac4f320a926
legacy/skycoin-production-2026-09/client/src/pages/ExpenseTracker.tsx,2609,76,7889e43f136ebc6ad4b4b946b748b2fb22beda763c694f77d9151dfe0d2fb2df
legacy/skycoin-production-2026-09/client/src/pages/ExperimentFactory.tsx,14659,320,9afa2000c0950fe7904bd3e7c0cf9ab01e68dd17b82454e86310ef222673f79b
legacy/skycoin-production-2026-09/client/src/pages/ExperimentTracker.tsx,2541,75,6f6be709b8bab1befd46ffef464d69976fb6088eade832784ca3cd6ae17a6c7f
legacy/skycoin-production-2026-09/client/src/pages/Explore.tsx,9548,172,8935ed27b4e2887d8c7d1d006ef1a65ccf57207966ba3005b8be128021b77fcf
legacy/skycoin-production-2026-09/client/src/pages/ExportData.tsx,853,26,740471c7295b70c0bbf106899ebcca02edc302735ee9ac882bf87d773b149a3f
legacy/skycoin-production-2026-09/client/src/pages/FAQManagement.tsx,2601,76,c0c4b65f9b22362e3859fec6c4e2695cbdbd8ba39df900a690caa18b11ed95a1
legacy/skycoin-production-2026-09/client/src/pages/FAQPage.tsx,841,26,944abd58446ceced25d3deb8bc22b109fa6d5bbabe8bcaaae5a005a1e5ebe036
legacy/skycoin-production-2026-09/client/src/pages/FamilyLegacy.tsx,3691,81,e0e6c3a97332a546046cff225b84b30799325e5085c11131784dde07f1d48604
legacy/skycoin-production-2026-09/client/src/pages/Farming.tsx,16382,386,bb79a20afc75ed2f105ec9a5e1b841301efbdfd7d0d729d2de39a59a75ec148d
legacy/skycoin-production-2026-09/client/src/pages/Favorites.tsx,858,26,8ca9d5caf16a7349bdec01f2319d4f21a9ea00f267b0568cd5733be1992ce3a5
legacy/skycoin-production-2026-09/client/src/pages/FeatureRequests.tsx,2613,76,53e8ba817d51b13a0ef1728d7e672206f79c56bf60c405e53328fb38e6fa5be9
legacy/skycoin-production-2026-09/client/src/pages/FeatureTour.tsx,857,26,b9143ead204bf68e9b62295ffdd876981d24a1672ad28b5f705967be5f7cb616
legacy/skycoin-production-2026-09/client/src/pages/Features.tsx,10079,325,aa76e29c4a3931c2afb1cfcc8efe82229f722ff4f1871c9163fbb1d9f77b8440
legacy/skycoin-production-2026-09/client/src/pages/FeeCalculation.tsx,617,21,32548bea2f7132ee58ee2ab68b47daeb6f4d6c75f09701b9a469a19db9be8d61
legacy/skycoin-production-2026-09/client/src/pages/FeedWithPosts.tsx,613,21,2302e54eaa2c53dfdf1f4ebab7ca4fc491630cb32ef069eac512f5ae77f8f90f
legacy/skycoin-production-2026-09/client/src/pages/Feedback.tsx,2589,76,e06e83f7e1dce1905619faa28f3a4cdc38be48dde6ddfb5a5179810f5281ccda
legacy/skycoin-production-2026-09/client/src/pages/FeedbackDialog.tsx,868,26,7dc6dd481e6531c18d3c89864b6decbf74c6b1a5ff261edbea37be486ea86484
legacy/skycoin-production-2026-09/client/src/pages/FeedbackForm.tsx,861,26,45afedb759e9ded8e93251e0fe701309620a20c7f027ebad288d39638419a9f6
legacy/skycoin-production-2026-09/client/src/pages/FeedbackHub.tsx,12413,257,2f76468794f62c3e268008e63a9165ecd65b221740e6804b65ef5ee880480433
legacy/skycoin-production-2026-09/client/src/pages/FileBrowser.tsx,857,26,60d54ad41213c538aca74aec68c4ca3edf72ba562f6979dbf7ad00e278f5fcc2
legacy/skycoin-production-2026-09/client/src/pages/FileConverter.tsx,2606,76,92f6896f2d4b5d041f7d99cc7831fc8ec13c7d95af09b58051d5ce8fcdf0ff8f
legacy/skycoin-production-2026-09/client/src/pages/FileDownload.tsx,861,26,959b89923ab523321c36c5a4184f6c301497e169884bd57224803d6a271a9e0b
legacy/skycoin-production-2026-09/client/src/pages/FilePreview.tsx,857,26,4576612e7794592e51920fb9eec9500ff40bcfa1f34c72b1f37a4de3652df172
legacy/skycoin-production-2026-09/client/src/pages/FileSharing.tsx,605,21,ca370492c3b1d6167d335b535c1d818ffaa388d61dac43d71a173301042777ea
legacy/skycoin-production-2026-09/client/src/pages/FileUploadDialog.tsx,877,26,f48376e5c3f5961bf1e0a4071493020df9082c85f15e0d4c8b0518d44ca4be8c
legacy/skycoin-production-2026-09/client/src/pages/FileUploadForm.tsx,870,26,fba1b9f0e055139b16df3791807a19ae8ccaa59a7ca1de551e036adc759a02bb
legacy/skycoin-production-2026-09/client/src/pages/FileUploadProgress.tsx,886,26,0a7ba5fd667c1b424e06a246e678d40c91092e95ed3fcd3d71ccd17cc870dd5c
legacy/skycoin-production-2026-09/client/src/pages/FileVersioning.tsx,2618,76,b71e23212efc6203741544c1edda7622e0b408416bfaea39d99ee645e72b423b
legacy/skycoin-production-2026-09/client/src/pages/FilterPanel.tsx,857,26,fd7b76b3746bc08502bd51c865878639bd236e8132ec18647cde90572c802ae3
legacy/skycoin-production-2026-09/client/src/pages/FinancePages.tsx,5770,109,b533a24a417df7c13cbcc74ba16305d476eaaf0f6102670038e494368a12cddf
legacy/skycoin-production-2026-09/client/src/pages/FinancialReports.tsx,2620,76,d48ec998af2a73b613948836f55777d5e9140d2c9e61c09d894929b18cb70b58
legacy/skycoin-production-2026-09/client/src/pages/FlashLoans.tsx,4474,85,62e69f669f00e812b0dce04cdc0ead62e6fc52205cd468b03d96fbdd08a1785a
legacy/skycoin-production-2026-09/client/src/pages/FlightSearch.tsx,2602,76,b8a58714cc8b28bfb7519514765ea7f872f5721420dadad2cd03d22b59695040
legacy/skycoin-production-2026-09/client/src/pages/FollowList.tsx,853,26,9869a9549a5a32cb5a91c28cd11d8eeaf37029b6bfabb25ba09d7b7e87d5844f
legacy/skycoin-production-2026-09/client/src/pages/FollowRequests.tsx,3956,90,9a823fc21a9ce818b00773eb99dbf1182b667d7698b47811a20e31e2380a88f1
legacy/skycoin-production-2026-09/client/src/pages/FollowSystem.tsx,609,21,10db630ae726a87b6415687d34f62bbe52b1270b43efbf7fb7058f585b71fd92
legacy/skycoin-production-2026-09/client/src/pages/FollowUnfollow.tsx,869,26,53d34c1908a23689ca8c90968595c6fc181d82ce35951c38935161de304af3a1
legacy/skycoin-production-2026-09/client/src/pages/FollowerList.tsx,861,26,b7beadef486c9fdde1e94e49da2ac61b8bb9d4df2c3f3e36f7a7184976f4796e
legacy/skycoin-production-2026-09/client/src/pages/FollowersNetwork.tsx,3959,90,dc34d553f6171696fcf0eb79ab43f21c53b43c67bc80a405138440a090ed8914
legacy/skycoin-production-2026-09/client/src/pages/ForecastingEngine.tsx,2539,75,450b7bb5298f0a3f56b34c76d14def75dd2528f6b82da45825bed3437a1c043a
legacy/skycoin-production-2026-09/client/src/pages/ForumCategories.tsx,2624,76,b8ba1f631a75e229f668dae55aecb879e9d5a6185120aa09b052f051f261f1cd
legacy/skycoin-production-2026-09/client/src/pages/FrameworkTemplates.tsx,633,21,cacc2d079144459fa0ec98f65542fa3f9c2e8ac60ad90bfe5587a967a9bffc3b
legacy/skycoin-production-2026-09/client/src/pages/FreeWillDashboard.tsx,21437,446,26342274934001786d5f22afbff3cb637d2e8a0aadf790f86a8fc94856d21cef
legacy/skycoin-production-2026-09/client/src/pages/FundraiserTools.tsx,621,21,786ebbc4ca17c9bb74cf8bdb4693fc87820f46220128985f6c6e6d9941f3d6f6
legacy/skycoin-production-2026-09/client/src/pages/GDPR.tsx,2498,75,0b897a753afb322457385a8ff104be311f469ac4ef79e791c156058c4210a071
legacy/skycoin-production-2026-09/client/src/pages/GTMStrategy.tsx,7081,137,9f090c77911def8490c1d5f53eb01245443ba1a6a39003f515fa5b7b779011f8
legacy/skycoin-production-2026-09/client/src/pages/GainLossTracking.tsx,625,21,eaa51f64935bdc40c3357d7b41610669d0dc268c5e0712c6fa3297290b78c7f8
legacy/skycoin-production-2026-09/client/src/pages/GameBlackjack.tsx,13836,342,7b3d3a5118e3ce7b27ced6ccdccba93920586451893c77743204fc0df72ffb1e
legacy/skycoin-production-2026-09/client/src/pages/GameBlockBuilder.tsx,10855,231,acc78385a965a6d20f39deceb72d350bace78141fd601ef4ac28cc55566c719c
legacy/skycoin-production-2026-09/client/src/pages/GameChat.tsx,2588,76,5c0aa62c28ca86474143a2c36480928d20d1925ba3771ac0a54fa46bb35e2d45
legacy/skycoin-production-2026-09/client/src/pages/GameCrash.tsx,14947,299,974d7647233c7439df32c2037b2e574892cfe81484d439b12a875245c4ae1e0d
legacy/skycoin-production-2026-09/client/src/pages/GameCryptoQuiz.tsx,11425,212,6507d5b2950cc53876d0e5824a091d1eac3ff6908a3ce61561579a0cb619c62a
legacy/skycoin-production-2026-09/client/src/pages/GameFiQuestBoard.tsx,9937,175,028f9011333b2a485ebe393450b4b9926d85e84503e9040041a59e45b26e173c
legacy/skycoin-production-2026-09/client/src/pages/GameLobby.tsx,2593,76,458c4ffa546308adb66e5cc50583c16276164a7e7fb6c3d0e28cc5b9c2c9cb91
legacy/skycoin-production-2026-09/client/src/pages/GameRoom.tsx,2587,76,88889f9378b8a40602a8146f3a74d2fc19afd20b3c2059e214204a25bc89c665
legacy/skycoin-production-2026-09/client/src/pages/GameSettings.tsx,2600,76,ffa3864511a5b6727052bc202618fad0fd8974f865f2ef15de67388a15dd8a19
legacy/skycoin-production-2026-09/client/src/pages/GameSlots.tsx,9222,209,97c08ff6645c9c1e10602871cba9e7f48b8ed8995277f32fa82b42431c8bbead
legacy/skycoin-production-2026-09/client/src/pages/GameTokenTap.tsx,9335,184,4a8e1dbec3c6e47c325dcb4e941e22ab0e5d387fdef380051a0ef4c59ca5e46f
legacy/skycoin-production-2026-09/client/src/pages/Gaming.tsx,18408,315,a7a8e0c3bc587071239eb43727a9461a886eb4f1c06c003cbb2d0a3ae2ea7c25
legacy/skycoin-production-2026-09/client/src/pages/GamingForCharity.tsx,16565,339,908e512cd3eef963d9a082b8c7dd6ded27fc29365e21b1672af1bb4a2e455b1b
legacy/skycoin-production-2026-09/client/src/pages/GanttChart.tsx,2611,76,5e16c40b2d789282ec3a54df70bafd74b008755b5640d0c67accd76fab5ff4a7
legacy/skycoin-production-2026-09/client/src/pages/GasFeeEstimator.tsx,874,26,ac2dac6efe5673185bce09c4ce44a13c95bcc70e655c533cfa0c497ec311b729
legacy/skycoin-production-2026-09/client/src/pages/GasPriceMonitor.tsx,621,21,b58872c6abdee604a225dbf077165bd540a287cf9605013781b06b849b88bdb3
legacy/skycoin-production-2026-09/client/src/pages/GasTracker.tsx,2518,75,55332f526f9cb77aa5c219a5a101dbeb4ed65656eb990df3f3959d1b6a3656f9
legacy/skycoin-production-2026-09/client/src/pages/GeneralSettings.tsx,873,26,c53789e3a1d6bb0bb185e54597f8652f28f33c7931818a2459f94855fe51ac45
legacy/skycoin-production-2026-09/client/src/pages/GeneratedApiExplorer.tsx,8727,145,c0a898c08b51961d1a98a0a0db4a894c9c16a209b69d3c10c1a2410868859be8
legacy/skycoin-production-2026-09/client/src/pages/GeneratedGallery.tsx,5107,114,e279c0c0bc819f46832951fd0ad9c9111f20081f87c56c1b9b5bdbbcef8fe9c4
legacy/skycoin-production-2026-09/client/src/pages/GettingStartedGuide.tsx,890,26,3f4fd547d84c84e68f40f757f9ecf8a699d69fac6790aaa54f48b91ade1ed2a0
legacy/skycoin-production-2026-09/client/src/pages/GhostMode.tsx,10362,183,fa4f1f1423b52b5a6e5c54a6a2435bb42656a431659d1bd259a1b703b116a68b
legacy/skycoin-production-2026-09/client/src/pages/GlobalOperationsCenter.tsx,17822,379,93428ab7284fbedf60da00f6335cf7326fc53530f12ff0704bf90bcda749ec4e
legacy/skycoin-production-2026-09/client/src/pages/GlobalSearch.tsx,861,26,7ffc6ca04dd15aec9c3f8407cb286b6ce4a02ca06e9e932fa365984eda9f1194
legacy/skycoin-production-2026-09/client/src/pages/Governance.tsx,17491,313,128dddbef374b2063389b6b21836d7455f11a2d44f4062d983f78fa1aaca0485
legacy/skycoin-production-2026-09/client/src/pages/GovernanceVoting.tsx,625,21,bcb03b0935138ae0dbdf5c909be97bb1f7960144dfe97836d7ba31254bc39007
legacy/skycoin-production-2026-09/client/src/pages/GovernanceWizard.tsx,9757,196,632c567f50cd55e51857d00c81d11730dfb1fefeecf9492eaccde2af95f0219b
legacy/skycoin-production-2026-09/client/src/pages/GradeBook.tsx,2593,76,d588ea8814dbed325f6d18029736f6b2c4b980d4d9d13e6e6d8894699aa96016
legacy/skycoin-production-2026-09/client/src/pages/GroupChat.tsx,2594,76,d083e75a9d8c93d06ae74d9738a42542db6b86293f96ca37ac0d6b86cb408514
legacy/skycoin-production-2026-09/client/src/pages/GroupChats.tsx,3965,90,0ba9f407e5c70eb4fc456107b2dfd7aad25c3bbf1b131d933397e49b4665d4fe
legacy/skycoin-production-2026-09/client/src/pages/GroupDirectory.tsx,2614,76,b5ed6e83d38d2d0e265c9f47791427680f0337d0e8399bb303661abfcb7c5e22
legacy/skycoin-production-2026-09/client/src/pages/GroupEvents.tsx,2606,76,a1b6329a07835823ccd4bcd2eca227d99bab8bfbbabedc2c00b155dc8899b6dd
legacy/skycoin-production-2026-09/client/src/pages/GroupManagement.tsx,2618,76,d08d5c2695f19fb3024d8cfd3db237f6255adabd1ee5da969e9589fbd1384e10
legacy/skycoin-production-2026-09/client/src/pages/Growth.tsx,3710,58,1996e943cb905ad83523ad07666251a6a1a725153cce9fe685a393e0396278a7
legacy/skycoin-production-2026-09/client/src/pages/Guilds.tsx,11969,266,f3354faea3e264f21d4a358abe12506fd85e5e120a625d718293780f2b17dda9
legacy/skycoin-production-2026-09/client/src/pages/HIPAA.tsx,2502,75,f69546b216a03c08ea7daf535d167910bf0f503792d29b35db92dcdc10b145a1
legacy/skycoin-production-2026-09/client/src/pages/HOPEAIControl.tsx,11521,220,0c4d27273bcb11fed5dc3a63881a8e053aa38ee1dc3a524ba8abc730aa66a8da
legacy/skycoin-production-2026-09/client/src/pages/HashRateMonitor.tsx,621,21,7ab3f77817a011c2677a1d762b5f7d2491e931bdd3b6bcc7ef9e4292460c7e44
legacy/skycoin-production-2026-09/client/src/pages/HashtagExplorer.tsx,8425,168,d1ce7ad05cc8126f5ae639278bddc20d2a6e8c898702f76c7a3dbd64a585c22d
legacy/skycoin-production-2026-09/client/src/pages/HashtagSearch.tsx,865,26,5d78e15a51ccaf30d0c1670d56cbb5fc5dba3ee0b03a3bedbef2c46a7e5b06f1
legacy/skycoin-production-2026-09/client/src/pages/Hashtags.tsx,3909,90,8f1e4897285177ba21405fab5ffe7816b115e14e6aabb3fb02294bba44992a87
legacy/skycoin-production-2026-09/client/src/pages/HealthArticles.tsx,2608,76,b244c2157377a59b52639d37cd6789019d1c01720c4d965b33e0f43e7163b801
legacy/skycoin-production-2026-09/client/src/pages/HealthDashboard.tsx,2611,76,57cb5c62a29fa8594730517d03d771db1a5f655456fae607b24e573aaeb8b4ce
legacy/skycoin-production-2026-09/client/src/pages/HealthGoals.tsx,2597,76,8366f52cf381dc3b0992e065eeab9e2fed01100f1f22601786a4ce56c2566b74
legacy/skycoin-production-2026-09/client/src/pages/HelpCenter.tsx,2600,76,12449a856de127117948105f8e9b67a09d756c6fcbb72da04b9960870dd6d789
legacy/skycoin-production-2026-09/client/src/pages/Home.tsx,22968,408,c2cf0f3b5d047bbee5f38ddc9beec339f57a98a67ef5e6e2c26d7ec1e63f3f25
legacy/skycoin-production-2026-09/client/src/pages/HopeAI.tsx,25294,443,934668ae3b422c8946b059e0db6dd5b809c7e6efa5dad82558bec29d527bca9b
legacy/skycoin-production-2026-09/client/src/pages/HopeAIAdvanced.tsx,17580,495,bd6cc1aaad97875dc2016c6e9c7beb12202acde6891a0f84baa12e6b468175f9
legacy/skycoin-production-2026-09/client/src/pages/HopeAIMeta.tsx,18497,566,d08645f9c3cb938d0b22a805c4b4eeeec25dc2f871e6595f1e5403dce718c7a1
legacy/skycoin-production-2026-09/client/src/pages/HopeAIPage.tsx,8290,145,0f23c43c23d6bebff66e99eea990d4a069109b343a1d64ffae99c5e36c33cf8e
legacy/skycoin-production-2026-09/client/src/pages/HopeAIUpgrades.tsx,16001,202,9183339071d686b0be7d8822df15f8514ed9f21268dedc7563a56266cabe3b73
legacy/skycoin-production-2026-09/client/src/pages/HotelSearch.tsx,2598,76,f18c688288e8244b401820c39e476155f6a1c3321a965da547a13b05f61d8a55
legacy/skycoin-production-2026-09/client/src/pages/HubSpotIntegration.tsx,2537,75,b31958e375aafba5f0ed0e5b61041c8b81ef4a7bbe431aea4259c7385a06cc72
legacy/skycoin-production-2026-09/client/src/pages/ICOLaunchpad.tsx,16851,251,86f24362e19dfcce5ec8f4f239926c8b2702b961d1daf9a8f03475e5da930fbe
legacy/skycoin-production-2026-09/client/src/pages/IFTTT.tsx,2499,75,8a5b15fbc69c4f24213d84e6b782bd139566a7603f2bc4140e427edd46ac60ad
legacy/skycoin-production-2026-09/client/src/pages/IITR.tsx,10825,243,3eef86d804c630b8d5069d75a8102f1dfff2178314992df5f7229d3b9b3a9c8c
legacy/skycoin-production-2026-09/client/src/pages/ITServicesLanding.tsx,13343,266,84abf2ff8d708c1a58a2f30625dc87c59387bb4046d13a848c7ca61345dedde4
legacy/skycoin-production-2026-09/client/src/pages/ITServicesPortal.tsx,12067,258,393207a2eb14d03e7dcad15dae022daa8e35121b83e6f67bdafd7788788506fe
legacy/skycoin-production-2026-09/client/src/pages/ImageEditor.tsx,605,21,f48aecb237c7d05a602322c792d257cf993c28c9cb68b444219326a5326819fc
legacy/skycoin-production-2026-09/client/src/pages/ImageGallery.tsx,861,26,386f4ee3d611803e67e4aad67cfc6aa9b3c0a8035fae470fdd14ba623516a96a
legacy/skycoin-production-2026-09/client/src/pages/ImageTools.tsx,2594,76,dbf154e0f317c54624ab3060a860ea55eaa33ae796b1faa35062208b7413c103
legacy/skycoin-production-2026-09/client/src/pages/ImageViewer.tsx,857,26,349faa6fff37eaad9e5e238dca3631ebfb4f7f58dcae57683edaf69a2de8e381
legacy/skycoin-production-2026-09/client/src/pages/ImpactMap.tsx,13592,231,ed66f1e2d85dc283e2fc299670a4045a81040da12678a0316c1cc4f3c28633f3
legacy/skycoin-production-2026-09/client/src/pages/ImpactMetrics.tsx,613,21,2651acb9760fc1634b287103fa2aecebb02c25e1ea866737ddfc36f3906f4818
legacy/skycoin-production-2026-09/client/src/pages/InAppNotifications.tsx,886,26,f43c78df8d3f3d1f0d4f4c2205299d36b3a423a5059f1cd54480b686563fe2b6
legacy/skycoin-production-2026-09/client/src/pages/InGameCurrency.tsx,617,21,bb24c416f94aa1b81f4089383a95abd9104ad198c2a09087ba4c7a62f3339dc1
legacy/skycoin-production-2026-09/client/src/pages/IncidentManagement.tsx,3997,90,765399fedde56bd19a67c9e2b4c7b310222dbd0d3836fa185f8f9966c7bb766b
legacy/skycoin-production-2026-09/client/src/pages/InputDialog.tsx,856,26,25a022dc677f3423531b1cccb2bb0b3e456adf7b24fb427eee0509b4ec73778e
legacy/skycoin-production-2026-09/client/src/pages/InstructorDashboard.tsx,21225,528,1607d038f69bc666050bd9b5c09e6f35749e78f3f14febdd0cbbcf69665b7b3d
legacy/skycoin-production-2026-09/client/src/pages/IntegrationSetup.tsx,877,26,844119b284129b69d86439455694aeae22f1abab28504c45d2080070995d33ce
legacy/skycoin-production-2026-09/client/src/pages/Integrations.tsx,860,26,45c2cb8f2732f92b677f79be54a6d5ba9e08a0b73c71bb4bddb23339677e91c4
legacy/skycoin-production-2026-09/client/src/pages/InventoryManagement.tsx,2644,76,c29d4cc6d049b978f94a9705a8c479bdf8c9cb6d6fca690d09d684903bfb4911
legacy/skycoin-production-2026-09/client/src/pages/InvestmentGoals.tsx,3950,90,ddba77c8229fff53bf3834aae4da77743665e4b2ab659ed043ac3b9959b16719
legacy/skycoin-production-2026-09/client/src/pages/InvestorMetrics.tsx,7207,158,85414decbe80a158acf600c71ce063ed8d13d2636d1acab09a01d75a2117a287
legacy/skycoin-production-2026-09/client/src/pages/InvestorPitch.tsx,7393,128,65015882d829a2e9b18b656077b012444a780311eea0ba6aa7bb10d5e37d3437
legacy/skycoin-production-2026-09/client/src/pages/InvestorPortal.tsx,44581,809,2de51536666f486d0c531038531f1c82f98bfd0865422f7148f1b8e9e8b8a1a2
legacy/skycoin-production-2026-09/client/src/pages/InvestorRoom.tsx,10805,225,1c23cc68f4956821d7a3dbb2f16c5d69fce52fda1d79ccaee81f914f12e40424
legacy/skycoin-production-2026-09/client/src/pages/InvoiceDetails.tsx,869,26,a12442d062bd6780be008281d2da0a380d83d9e04e763f59de54945d6ceec0b2
legacy/skycoin-production-2026-09/client/src/pages/InvoiceManagement.tsx,2629,76,d20f69e15a321de59121c9cd30a9e4882fa4e34f9d64a621d0b7a67aa180f277
legacy/skycoin-production-2026-09/client/src/pages/KYCVerification.tsx,621,21,53acaa46b6db3798577da9fe84005574e0457e09086e7086a92c612b06f1d432
legacy/skycoin-production-2026-09/client/src/pages/KnowledgeBase.tsx,2604,76,16f3c128db782201969158d6ddaa846467f32333da9f98395b69c0809fe3e52d
legacy/skycoin-production-2026-09/client/src/pages/LDAPIntegration.tsx,2530,75,c1d0595ae3febb3ffe53bb6fc18b9a31df789c602d51d7999ec58c4937a8514b
legacy/skycoin-production-2026-09/client/src/pages/LTVAnalysis.tsx,2527,75,09f64c203f1071899dc08d40e72e5ae55b1f793b28ab0ee641f11b104cb893f1
legacy/skycoin-production-2026-09/client/src/pages/LandingPage.tsx,13399,234,8731ecd172e619cc6eabad73288bc0da9bdfd990c2b52b3d825ea85e67e845fa
legacy/skycoin-production-2026-09/client/src/pages/LanguageExchangeAdmin.tsx,18281,475,bcef3c59a8f8498ea95b31e7ba1fa32be1bf53fc8a314836177aa747822b7ce0
legacy/skycoin-production-2026-09/client/src/pages/LanguagePartnerDiscovery.tsx,27030,719,4ff68343476dbc2a7b89e2d8ebcf432c32438f55bcf314c95f670e8d74b65e20
legacy/skycoin-production-2026-09/client/src/pages/LanguageSelector.tsx,625,21,96c8a48b7c313aee36be15960b0ac5ea486e2d91e5bd0f550f705c5a29a9e52b
legacy/skycoin-production-2026-09/client/src/pages/LanguageSettings.tsx,2618,76,9850d427bfe9064c8acf9c7adfac94597de803c88974624c72f9a8c5b84cad9a
legacy/skycoin-production-2026-09/client/src/pages/LeadScoring.tsx,2603,76,b0f74ed1ab4b41e0e813cd46f21773a22658a2ea09028eac4a9ec7cbdaeab7b9
legacy/skycoin-production-2026-09/client/src/pages/Leaderboard.tsx,6756,147,472a1558a75122bea0dfa25919b709dc92371f6f6aabef237f1fa0096c9bed61
legacy/skycoin-production-2026-09/client/src/pages/Leaderboards.tsx,2599,76,e6a7fb8ca804ec0461abf8636958696dad358bb7570af631504086875144c739
legacy/skycoin-production-2026-09/client/src/pages/Learning.tsx,2465,44,616f57563d9444e9f1f6fd42d9eb6ffcb5b70a91463644e84bcc2872f81c369b
legacy/skycoin-production-2026-09/client/src/pages/LearningPath.tsx,2614,76,23808b80e0870cb96cec4300047f5b283e08cf5003ad7b28c2c35801644711e3
legacy/skycoin-production-2026-09/client/src/pages/LegalDocuments.tsx,2528,75,65d85293947ceea6c0ebf0e09bc7834f116d9a60e33115c3fcdde792c1963cc7
legacy/skycoin-production-2026-09/client/src/pages/LegendaryStatus.tsx,16537,311,453ddb2e24799cefe09eb8a0f4e6f8aadda6de311945cf2e7ede32cd93096735
legacy/skycoin-production-2026-09/client/src/pages/LendingBorrow.tsx,3972,90,258cdac75626cc8852648b5a07deaba691e8fc08733ca4f57d57ce4d65bce6fb
legacy/skycoin-production-2026-09/client/src/pages/LendingBorrowing.tsx,625,21,e52841d407967a15aedb3b72f95878994c7d3dd7924017df40e09aa1dd0b679c
legacy/skycoin-production-2026-09/client/src/pages/LessonEditor.tsx,2602,76,5ad4f6b442ed0bd0f71f254f9580b6a60468d1e1601a71ec0b03d628a83e9b15
legacy/skycoin-production-2026-09/client/src/pages/LifeCommand.tsx,13989,321,9a72a5ff2cbf9825ef8949af4930d46a316d5a25c7502e867c6cceb7bf17f500
legacy/skycoin-production-2026-09/client/src/pages/Lightbox.tsx,844,26,4de36ea38040cf564ca63b53a5e88956b7cc208d8ef29be8b5046beab83b6f08
legacy/skycoin-production-2026-09/client/src/pages/LikeReactionSystem.tsx,886,26,5bac4934192c1089a107a9899d8bbb9d110586d5efe38480366cdd28e659aef5
legacy/skycoin-production-2026-09/client/src/pages/Likes.tsx,3902,90,f72a430c273661a362fee48373350a1bd81f807a3fe315184f24e041c65f0ddb
legacy/skycoin-production-2026-09/client/src/pages/LiquidStaking.tsx,4506,85,f40188819cff3c917822a63414ab7660f6786f735cad50f27638e8f7d354d00b
legacy/skycoin-production-2026-09/client/src/pages/LiquidityPools.tsx,3956,90,a05413c48342051eacf29250229eef27a6a68b49607051a30d5fea79e775150e
legacy/skycoin-production-2026-09/client/src/pages/ListView.tsx,845,26,6dc429b300754ec686c84c92eebf73a69585ef5aa120821233411f3d4f4fb032
legacy/skycoin-production-2026-09/client/src/pages/Live.tsx,13230,350,99ddafcd0b292556588b5ebb7658a85139d74f2a555fce913841cc32a1248ee9
legacy/skycoin-production-2026-09/client/src/pages/LiveChat.tsx,2598,76,86042038540fbf813cc8613fb1e732ec3741029b8acd23858b50b9f826c8823e
legacy/skycoin-production-2026-09/client/src/pages/LiveGifting.tsx,12647,301,d77e35aa2f3dc1754073959dbd7b95b188835f1b0baec7df2c82d991349176f6
legacy/skycoin-production-2026-09/client/src/pages/LiveReactions.tsx,12275,273,2b37e4625e449c32a6c0fbc9bd846b6be0f811382365a07079e427e421445f6d
legacy/skycoin-production-2026-09/client/src/pages/LiveStreamSetup.tsx,2619,76,6415fd220f56ee98e1748ad249b41eb492680c8aef2ef944b66bd24898e7c1bb
legacy/skycoin-production-2026-09/client/src/pages/LiveStreaming.tsx,3937,90,216964df5698d11502dcc4b6b5672bcc6b2961ceab3619b2e2416c79005e63b1
legacy/skycoin-production-2026-09/client/src/pages/LivestreamDashboard.tsx,11542,286,a86f3bb493af7f039f9210f766af43fa2cedf4c6990d477f3ea0196dfe3d60dd
legacy/skycoin-production-2026-09/client/src/pages/LoadBalancing.tsx,3937,90,fba7d47d2ac573ed996fb4b6559c04aec45a172d84b862b738356c15794b4bca
legacy/skycoin-production-2026-09/client/src/pages/LoadingDialog.tsx,864,26,3b4bcf2cd42def1fe3201592e756f9400b8e27d992437196995bbe618da18f62
legacy/skycoin-production-2026-09/client/src/pages/LogViewer.tsx,3936,90,10c238ed654c95f631c4d73af1d07bff33362d12381b68812978fff1bada2b9c
legacy/skycoin-production-2026-09/client/src/pages/Login.tsx,857,26,b2de07b7ca04d810db76e5652db063b7328e06bd72544792873dba9845bc0714
legacy/skycoin-production-2026-09/client/src/pages/LogisticsOptimizer.tsx,16172,269,70ced1f247d662589849d9cc08a1064467e1c79b62039bcdfe6f8ad625989ff0
legacy/skycoin-production-2026-09/client/src/pages/MLInsights.tsx,2526,75,bffc732234edbb27e37708c28b290976ab8df3900ec8d62faa1bfbefeef779af
legacy/skycoin-production-2026-09/client/src/pages/MLModels.tsx,2595,76,cd2e1b670283694086c4629e9b7b0efaccb676029f874159671cf962f1a4dfe6
legacy/skycoin-production-2026-09/client/src/pages/MailingLists.tsx,2611,76,c04cd473a43f4fa1ed0d313d50de239e52af4e5873200578a8e9dd70b4220fba
legacy/skycoin-production-2026-09/client/src/pages/MainDashboard.tsx,865,26,c85b276e43a780ebb89a5f750bb8479c4d0c08e476016ce858b9a624a963d1c2
legacy/skycoin-production-2026-09/client/src/pages/MaintenanceMode.tsx,878,26,24b2e0a56802d37f2034e0fc7a3e87a092b265fd2f066d70837d973fd1ff4179
legacy/skycoin-production-2026-09/client/src/pages/MapView.tsx,841,26,784f0f181942d2bde5c254ae2b34d66a942e0dddde77dc44f61a5fa694334b95
legacy/skycoin-production-2026-09/client/src/pages/MarginTrading.tsx,3937,90,8a1dcb71ed111cb9146d0f18e5cfeed7b9426ba936279b122239ba36e3dd6d0f
legacy/skycoin-production-2026-09/client/src/pages/MarkdownRendering.tsx,629,21,2725e34abf1abed5c713032ab4c7680eac2178b3a58c18e33f3f2367aae1bf01
legacy/skycoin-production-2026-09/client/src/pages/MarketSentiment.tsx,3945,90,3d5cdcfd48f8deb27c4ae89432a3b26d1a48c8436cc3878e04905dde41e57f15
legacy/skycoin-production-2026-09/client/src/pages/MarketingROI.tsx,2600,76,246d716fc2492da8e51ff27a2eda55ed1b9358a49633b9ceed56950187c17695
legacy/skycoin-production-2026-09/client/src/pages/Marketplace.tsx,35145,664,ae926f992a820fc3bd2ae7aef21603f14333b2d11aff69098d2788f3c079d482
legacy/skycoin-production-2026-09/client/src/pages/MarketplaceAnalytics.tsx,2548,75,d4248fbe633003756725b581cfaee3bcd06a29ea33f952c7ad7759d113569fbb
legacy/skycoin-production-2026-09/client/src/pages/MasterArchitecture.tsx,15717,319,43fbe8a1fc0a0a2c1d0e90d7f71b0832e21929ca41395177dff1f7193d0c7338
legacy/skycoin-production-2026-09/client/src/pages/MatchChat.tsx,7265,167,87e00bd49f93ee9f9c579b9686db7b39535ddfa20e11e13ec5de0725cd330dd8
legacy/skycoin-production-2026-09/client/src/pages/MatchFeed.tsx,7854,213,cd7c8e2ec94ecc3b2bd205de136155a1fffaaffb256c8cdea567112cb08e9814
legacy/skycoin-production-2026-09/client/src/pages/MatchSpace.tsx,17855,434,c2d33a01be3ec73b4b314e9b3fbf178ec4044bc3fdebe6e24553f97bdb4c57f0
legacy/skycoin-production-2026-09/client/src/pages/MatchingAlgorithm.tsx,629,21,1a7e0077db015fd8b274f2c00e8d900237368b78938734fb634cc02284ff6af9
legacy/skycoin-production-2026-09/client/src/pages/Matchmaking.tsx,605,21,dd82ec262c23202aee13a55f6a038487cabf3273dc3185e3c1eb733b183c99fb
legacy/skycoin-production-2026-09/client/src/pages/MealPlans.tsx,2592,76,d76fe81de1473a19ba28e14e86a35e2565190d07babef870f721a0c6ed01d25f
legacy/skycoin-production-2026-09/client/src/pages/MediaCarousel.tsx,865,26,ddeac662723fdc43ba061f5adc3c23867ca64da831b22b19ed77ea7ef5dc29a3
legacy/skycoin-production-2026-09/client/src/pages/MediaGallery.tsx,2610,76,3ab5034cc0b9af8b826c1a00a3a09341ba5c3a5ad5d9b5c3a9b92135e11c5fb2
legacy/skycoin-production-2026-09/client/src/pages/MedicationReminder.tsx,2619,76,3a31803b0b855dc7a0acd861ef116ae34ec8e2185016c2d00eed672589c64f4e
legacy/skycoin-production-2026-09/client/src/pages/MegaMarketplace.tsx,26172,334,85bff5703cdd32f1a812c8bf5eb526480c8f751cef8e9dbefdc6fe64c3d3e033
legacy/skycoin-production-2026-09/client/src/pages/MembershipTiers.tsx,2620,76,3f326b2b36e1e0efe902616fd13740bb0ff48b4be95b9458e190eee9f4053f93
legacy/skycoin-production-2026-09/client/src/pages/MemoryConstellation.tsx,10743,272,6186ab1a1676a20ca869a02601cfbfdfd16eced54d3f65e80604ceef638f0995
legacy/skycoin-production-2026-09/client/src/pages/MemoryGraphVisualizer.tsx,5640,161,24fe0311abc87e379556b761983fa4b4b4d4915eec9a7cbb120c6b50819ddc06
legacy/skycoin-production-2026-09/client/src/pages/MemorySystem.tsx,9524,202,10c8cc0195e0ed3f193609bc4293f0eed07f6a06429178cde795c42a0227da16
legacy/skycoin-production-2026-09/client/src/pages/Mentions.tsx,3919,90,240862d9cf2185ef8b46ed24e2941732b4a5bd82f770b9d93b250917fa4ffd84
legacy/skycoin-production-2026-09/client/src/pages/MessageEncryption.tsx,629,21,47bc65351fadca626f4cd6841a8c56396dd5f3556ac039ecfe75ed12eeab626c
legacy/skycoin-production-2026-09/client/src/pages/MessageSearch.tsx,613,21,103f0557e6a2dd1ac3582afe8b6c37d312c40eea56f555ad09eef2241455f915
legacy/skycoin-production-2026-09/client/src/pages/Messages.tsx,27942,555,88c3cbc1a84104838e4c23b0409a8859f53f0334bbf08b3e13c96a9db916643b
legacy/skycoin-production-2026-09/client/src/pages/MetaversePortal.tsx,4504,85,00e8746959a8f72969e409ea28ef0c89c82ac09723410ac373f689e76834f3af
legacy/skycoin-production-2026-09/client/src/pages/MilestoneTracking.tsx,2636,76,df19d33d71dec7fe18a29fceb2e53df540eed8d775918d35801447158de68318
legacy/skycoin-production-2026-09/client/src/pages/MinerDashboard.tsx,17101,423,2e03256815d3c952090dc7f2ba0eab47985967e9ece10c2385fc153a3c424530
legacy/skycoin-production-2026-09/client/src/pages/MiningCalculator.tsx,16217,403,c4b3e43a35a3ef4355c693849b7e4b3d1a2f128f2fac6fa3d72226364b2fc8aa
legacy/skycoin-production-2026-09/client/src/pages/MiningDashboard.tsx,16375,415,22d5763018b5eaef5dbaba6123aca8a66f71b335f5ca253cf45d7403aa322dca
legacy/skycoin-production-2026-09/client/src/pages/MiningPoolSelector.tsx,633,21,97d01ec3469a8f5b2aea3a46fe4e7fb061cedd6775daae282cc0a9cccbd2cd56
legacy/skycoin-production-2026-09/client/src/pages/MissionControl.tsx,3733,75,904dfec7fb306cb8d95e46c0d29d60698e6d33bbb2c6efc0347a4885977bb325
legacy/skycoin-production-2026-09/client/src/pages/Mobile.tsx,6819,177,634e90d40a50da8c1de1061c55f4e3fb1cd42bb2d90859c5e60ce203ce7bf805
legacy/skycoin-production-2026-09/client/src/pages/MobileApp.tsx,11083,223,89bd34ec8eccedb644afe2882ffb05281ed23b69fed4ae3b818b445a6371e7de
legacy/skycoin-production-2026-09/client/src/pages/MobileGaming.tsx,2520,75,dab0a87f507d69398218464ad08c000c4939c850ffeece1b78e707790af6bf2e
legacy/skycoin-production-2026-09/client/src/pages/MobileHome.tsx,2519,75,c6dab7fb03ac8fd89ba7869003cfbfcbdc913742fb7f8f4952ec02a962a49fbb
legacy/skycoin-production-2026-09/client/src/pages/MobileMenu.tsx,2523,75,e7ab4fdec41ffe2738dd58bf75a039365ff0d4109e5c332e8cb4083018ed5dd5
legacy/skycoin-production-2026-09/client/src/pages/MobileMessages.tsx,2529,75,13c67c532602b126b59f59a9379aa705be4bda6067cb8a3dfa7be262bbe8ed86
legacy/skycoin-production-2026-09/client/src/pages/MobileNotifications.tsx,2548,75,08a5671e4470d2bac858b2183ae60207ce239bb6b94f875f6a707fb67b79b45d
legacy/skycoin-production-2026-09/client/src/pages/MobileProfile.tsx,2524,75,36f0a58012c1f22ffb0bfa40510c115e54ebda1da9d401b3a7a92b12314cd4f0
legacy/skycoin-production-2026-09/client/src/pages/MobileSearch.tsx,2520,75,69a7a73f2e66c79cc8d2bf61f15e304c18367c96c67049fc43fb7bb8016d9a6b
legacy/skycoin-production-2026-09/client/src/pages/MobileSettings.tsx,2528,75,6d3fa2a54d64aa29385cb12ff16ea54ecedde344163fcafd044a9d1f48c94448
legacy/skycoin-production-2026-09/client/src/pages/MobileShop.tsx,2519,75,5d6e8a11702735a909d2887c81f730c95f4ed9e73c308d2f13a8535d604dab49
legacy/skycoin-production-2026-09/client/src/pages/MobileStreaming.tsx,2532,75,0ccf1266c6ebafa45182fa0ab4d7b8042f8a4d523c967fb94d0db69a321aa5ca
legacy/skycoin-production-2026-09/client/src/pages/MobileTrading.tsx,2524,75,3f3b119bb4e6ca57d08162aa299d8f0f3f232928f3eed6c1378f92d1af82dec9
legacy/skycoin-production-2026-09/client/src/pages/MobileWallet.tsx,2520,75,062fcfd0d3a52dddfde7cffd95afc222f08096b8eb2b1e37ba9c09d802e15358
legacy/skycoin-production-2026-09/client/src/pages/ModerationDashboard.tsx,2625,76,e2066450b1cf8db70d34aa6834e62d5e8f9590248eb6626b3403a536cc18e8c1
legacy/skycoin-production-2026-09/client/src/pages/Monetization.tsx,3930,90,f3066565ba3e118d348e301e3387501a9d59e83d5d8e8c1c5b0ce9f2357ab059
legacy/skycoin-production-2026-09/client/src/pages/MoodTracker.tsx,2597,76,4f6d262b2d3e26d4429708ae458d9b8159b41fa100dbbb850315dea4403e20cd
legacy/skycoin-production-2026-09/client/src/pages/MortgageCalculator.tsx,2619,76,72a2d6eee6d99afc4a124426a662c7adcf318989027415dd3fb6ddb4162e8c7c
legacy/skycoin-production-2026-09/client/src/pages/MovieCatalog.tsx,2601,76,de7ea73086a2e443dd261de4b5719340d417bd8b5d6aef1a86a98a5307fe9572
legacy/skycoin-production-2026-09/client/src/pages/MovieDetail.tsx,2595,76,4ac3153932f62b404c78bdba4d2e701b7c05e6c7f004d310c13c88b34f0e1085
legacy/skycoin-production-2026-09/client/src/pages/MultiModelSelector.tsx,633,21,6060186b6acf87fa32b2c32830d5d89f84a1282ff75965b0f5f83741984c27e2
legacy/skycoin-production-2026-09/client/src/pages/MultiSelectForm.tsx,874,26,2318a98fa5ac5375aa5808997995627e8bf643c7cd0b35e6ec59ad686cb5223d
legacy/skycoin-production-2026-09/client/src/pages/MultiplayerLobby.tsx,2617,76,c6360eba5258ccf872191cfc43b4cc0415dde2c2baedd5ddf2ba6db15f145439
legacy/skycoin-production-2026-09/client/src/pages/MultivariateTesting.tsx,2548,75,ea5b6b20c778c0274761e0d628b3026dc0fb00b36adc81d801a30b9593c53893
legacy/skycoin-production-2026-09/client/src/pages/MusicGeneration.tsx,621,21,4ccc93123f3c2be6fbcae4d74707c8d684b678bb1ca5abcce2f146e5a8ef5ca5
legacy/skycoin-production-2026-09/client/src/pages/MutualConnections.tsx,2622,76,7597628af7577151830302f76768e14ce3d4c00334f550a9add1efbfd670968d
legacy/skycoin-production-2026-09/client/src/pages/MutualFriends.tsx,3937,90,bf82dc623120314dabd2062a3699a0e168a03e4f484fc6f0873061faa9294939
legacy/skycoin-production-2026-09/client/src/pages/MyLearning.tsx,2605,76,387c02af01761b496e73e9059c921b711155a5a223b78ad1714c4204911591b4
legacy/skycoin-production-2026-09/client/src/pages/MyTrips.tsx,2584,76,4f04f8e9bd6c5fbceee854eb267153bcd66f15b63634e1ffad8d4773c46f7a80
legacy/skycoin-production-2026-09/client/src/pages/NFTGallery.tsx,4484,85,54bfd7f3a01a6c6e5f6a742d457a4a3f079e0d92523212d4f56a0a74127246c4
legacy/skycoin-production-2026-09/client/src/pages/NFTMinting.tsx,2510,75,55fe508a4ceb751a71571bccca43df6e04fa801ed45d881f18aa25c4b832da3e
legacy/skycoin-production-2026-09/client/src/pages/NFTWallet.tsx,849,26,6b7faa2f2cc4b3fbab5baa6f81e669906e8f5419f4ebaa8ba3000f38057d2b9d
legacy/skycoin-production-2026-09/client/src/pages/NLPTools.tsx,2603,76,a3d2b16b0150c1db44a32471b556af772e8b306d43a58383934ce43e07cc41c1
legacy/skycoin-production-2026-09/client/src/pages/NSFWFeed.tsx,10617,188,527dab0ed893488efc644ed4646bdaa866ccccece5861d737ce6a6a3fca08220
legacy/skycoin-production-2026-09/client/src/pages/NSFWPlatform.tsx,24583,503,772252ea6bd2dea9e046247004ac2f188ba12cdaf69bb4ce76975edda8317f7d
legacy/skycoin-production-2026-09/client/src/pages/NarrativeEngine.tsx,13536,277,31741e1aeeead011adaca4564ce0139cc1306c23d85c4bd43290670c2fb450ab
legacy/skycoin-production-2026-09/client/src/pages/NetWorthTracker.tsx,2615,76,ef3e585c1704572532409495865986835e7ea46e80699062f2f4edf134e63740
legacy/skycoin-production-2026-09/client/src/pages/NetworkGraph.tsx,2609,76,15cd731e9aa71336e365bbc3cf7882d2137fb555421a59b3537257434be57d62
legacy/skycoin-production-2026-09/client/src/pages/NetworkHealth.tsx,613,21,665e4cbce5c4b51eddf6e5a56563d66e037488c72f57a4e459421ec4073d1a71
legacy/skycoin-production-2026-09/client/src/pages/NetworkStatistics.tsx,629,21,a7d9b4484199208d5461517bd09773a2e301556bd98baf1d0984b924b915746d
legacy/skycoin-production-2026-09/client/src/pages/NotFound.tsx,1819,53,4062794318dde4d0a321e0332cdee2cea68d19c1d9d81889ff425b02ed183f64
legacy/skycoin-production-2026-09/client/src/pages/NotesApp.tsx,2587,76,4cbd1054a553bfa504ba6f3e57cf64bb066ba1f757482e845242689c1500a2e4
legacy/skycoin-production-2026-09/client/src/pages/NotificationCenter.tsx,3952,90,aadfaf6b311c3edff60a41fbbd86453fc11feb953fd85c2edb0fcb6720d2f3c8
legacy/skycoin-production-2026-09/client/src/pages/NotificationHistory.tsx,889,26,13664e13321b6eb0851f3b053c89881078cd1163db4c423140bbd430f3761a14
legacy/skycoin-production-2026-09/client/src/pages/NotificationIntelligence.tsx,12274,287,d5e0d2783d77a4420f46cbbfdef0dd320aa4341c9c75303a9adc539432cc232d
legacy/skycoin-production-2026-09/client/src/pages/NotificationPreferences.tsx,2642,76,7a721146695ca47ae65dfe0db483779abfd5be326d4f6ed0f106e682917abee1
legacy/skycoin-production-2026-09/client/src/pages/NotificationSettings.tsx,893,26,6c18d178fe97633e6325b6fb45bbf0f5b453a9bd4f0df50e6d2da9437a9efde8
legacy/skycoin-production-2026-09/client/src/pages/Notifications.tsx,3929,90,3b70548d88ff6c5dd1f92188c45e65a830652c69f4bc0489ce38d9a3387e4a69
legacy/skycoin-production-2026-09/client/src/pages/NotificationsCenter.tsx,889,26,acbe20180d74cc06afb918fd49ae65eaa91e1adb515635c124e96d316e389ada
legacy/skycoin-production-2026-09/client/src/pages/NotificationsHub.tsx,10839,211,7bda2c82e632ec79e00c920798043c91bbd4adf385524df6badae337ea94c082
legacy/skycoin-production-2026-09/client/src/pages/NumberInputForm.tsx,874,26,34ac5e46cbd223de343bee327bdc175dbd1654f797d48a81bc8906c94fa68b3f
legacy/skycoin-production-2026-09/client/src/pages/NutritionTracker.tsx,2612,76,0f33d2fb9ff774f4b5958d9b3c9bae6cd1abe13e46e8216d4a0f88826bc5a870
legacy/skycoin-production-2026-09/client/src/pages/OAuthProviders.tsx,2524,75,2d0f5ca1e4a0ca2b19d89d0c442d8058d44e135dc28e950de92007118798fd0f
legacy/skycoin-production-2026-09/client/src/pages/OfferManagement.tsx,2616,76,731c5e47b07e0d3136c31c6efba67f6abc58e8d28ea7e5d62b7e228b1203a146
legacy/skycoin-production-2026-09/client/src/pages/Onboarding.tsx,10201,264,8f85a42ec58d4268ded210c8dfccd625a29321eaf5cfb54e0bd6247a80744111
legacy/skycoin-production-2026-09/client/src/pages/OnboardingTutorial.tsx,885,26,5be1a209f6ee8a5850160d992d618ff855d951684671543f53c66a9f7edb9e20
legacy/skycoin-production-2026-09/client/src/pages/OptionsTrading.tsx,4490,85,2b414dc6fb38a9e4931f083dff496c93db2d3ce82134f8ebd89aecc5970e6a8a
legacy/skycoin-production-2026-09/client/src/pages/OracleNetwork.tsx,4496,85,8c1f32f8f1bc94b1390999ce7a8012db45665b30048a21384ca2f9193b77d240
legacy/skycoin-production-2026-09/client/src/pages/OrderBook.tsx,3936,90,baba4e44182489816549d22acea660e7ad70db5d298504f0fad4f5b0a6a1389f
legacy/skycoin-production-2026-09/client/src/pages/OrderConfirmation.tsx,881,26,3bd9eab890d6ecdd0fc087c18cde486928f6c3752bd956236b12c0db66b15609
legacy/skycoin-production-2026-09/client/src/pages/OrderHistory.tsx,8731,184,5761754f7df8bd660eff376aead69d1446271aebbdba76ee4f6d4ae731116562
legacy/skycoin-production-2026-09/client/src/pages/OrderPlacement.tsx,617,21,dc9a1411fc51f87c73882c178f4569be21fe62c86cb48343d80bca1bbd074ce5
legacy/skycoin-production-2026-09/client/src/pages/OrderTracking.tsx,2626,76,fdaa7ae7b7b8b0c8e68eb801ba56e00ac493d5b75c485d8b000947c4d9a754c7
legacy/skycoin-production-2026-09/client/src/pages/OrderTypes.tsx,601,21,d1bf362dd4a8ed0b4a2491c192179a0c4d8e2fa8d863897fec5eb01f4e7439ee
legacy/skycoin-production-2026-09/client/src/pages/OrganizationSettings.tsx,2646,76,fcf7629dbca7d4802f27e53aaa2c8f720853031df11ccaaa3ebfda07827514cf
legacy/skycoin-production-2026-09/client/src/pages/P2EShop.tsx,10152,207,76d5bd429120639ecd88bc1c3fb0cf29c0c816b772aabdcb304e5ff08fdc7f67
legacy/skycoin-production-2026-09/client/src/pages/Pagination.tsx,852,26,e79f61ab4e2328e3e63f9a775d821736a8d330316fbe391b4e30795dcc500c6f
legacy/skycoin-production-2026-09/client/src/pages/PasswordInputForm.tsx,882,26,7f04bd744fcc86c044ccd15fd1aa132a064574b871b4b6b5b3653530360391be
legacy/skycoin-production-2026-09/client/src/pages/PasswordReset.tsx,870,26,a55524441400285b372c9540c12f76f1af4c68a880d8793af85467c1ca7fd4b8
legacy/skycoin-production-2026-09/client/src/pages/PayPalIntegration.tsx,2534,75,f08e7924d13009604a5c5c78ef1a8a5ef99e9b4d78ead1115ece2903221062c9
legacy/skycoin-production-2026-09/client/src/pages/PaymentConfirmation.tsx,889,26,196fc6e6fa120b9511dff7f1c54feac6a849f8000579c5b8399e4660bf87fa10
legacy/skycoin-production-2026-09/client/src/pages/PaymentInfra.tsx,11994,219,d7196d34c8c29a8ffe79bfdc2ef9a13f9da8ab844d87925288c2e999189361da
legacy/skycoin-production-2026-09/client/src/pages/PaymentMethods.tsx,876,26,74479034a44e547f3c52701968ff2af21466880bb1e1240cb113287b981f249b
legacy/skycoin-production-2026-09/client/src/pages/PaymentSetup.tsx,861,26,3b13fdd585b6d788119e4c73f5002bfb7b6f690add684c88b35722da58ecfdb1
legacy/skycoin-production-2026-09/client/src/pages/Payments.tsx,12114,223,0f51972070ba255d03ff68b805a56abc6460c82de3968d13398d7b2d86edfd21
legacy/skycoin-production-2026-09/client/src/pages/PayoutDashboard.tsx,10732,202,3cb0294926426a863558bf0169b417da3cec7ff07308a2fcf3851f7afcf15bf3
legacy/skycoin-production-2026-09/client/src/pages/PayoutManagement.tsx,2536,75,110c7f0c901a66098045c71deb8992d85e0c2fce3cf0551fe7198bb49a875c7c
legacy/skycoin-production-2026-09/client/src/pages/PerformanceMetrics.tsx,2633,76,dcfd935ebe0746725118f7a72e52ea39495dba6189fa755f69b6a663d24090f2
legacy/skycoin-production-2026-09/client/src/pages/PerformanceTuning.tsx,3943,90,6e28498bc4c450f9fcdb924df59375d7352618f87275b0085114bbd4ec687493
legacy/skycoin-production-2026-09/client/src/pages/PermissionManagement.tsx,3960,90,8e06feb00263ca115558a1bdbc6a7e8c9af219bbefad9b107ff9944d51ac624b
legacy/skycoin-production-2026-09/client/src/pages/PerpetualFutures.tsx,4533,85,f121254bcf93f585bef3bc1869a4cfe3a63a9653bd23cd7b50af7219ed7a1e36
legacy/skycoin-production-2026-09/client/src/pages/PersonaBuilder.tsx,2615,76,95e7e4faf5d54a512c3d66cb9257204d3c7780954ba8c6ece6bc9ddaa5f4b4fd
legacy/skycoin-production-2026-09/client/src/pages/Phase1Dashboard.tsx,18334,393,a9b4eda5be71424a35c6dd85b51af4d9c6850aadda4840ce0c9f342baa34e31c
legacy/skycoin-production-2026-09/client/src/pages/Phase2to4Dashboard.tsx,17374,332,be193052d08546e95912fd6fee6cf296e161675f18320b28700d55f5e5c79389
legacy/skycoin-production-2026-09/client/src/pages/PhoneVerification.tsx,888,26,e13bc2a2c39d1525191e766c750ec376a576920e0cff0400f441d4007954c381
legacy/skycoin-production-2026-09/client/src/pages/PlatformMap.tsx,32982,479,b6d783c1f8c7ee877d41bad32cbc907c0c543e71ad9ab472c64511cbf5f0551e
legacy/skycoin-production-2026-09/client/src/pages/PlatformStatus.tsx,5178,91,3934cdfd75d33e2d0cbc6b6ad12c8e1dcfc381c3ce7d37cd1a5c9b9778412fcb
legacy/skycoin-production-2026-09/client/src/pages/PlaylistManagement.tsx,3952,90,ee865a0585a5d2e83b988176b6eabb21f503ad4c1eb17677e0aa34907e4f7075
legacy/skycoin-production-2026-09/client/src/pages/PlaylistManager.tsx,2621,76,dccc91c180a2b53b3882eaf00533a6d076acfdac93d6537906d67b24736dc231
legacy/skycoin-production-2026-09/client/src/pages/PodcastStudio.tsx,2615,76,e9371b82e24eb5aff343403dbd2b1bafab3ace26cb18d3478364c16d68cba447
legacy/skycoin-production-2026-09/client/src/pages/PolicyManagement.tsx,2631,76,4e37d6fc9c823162b511fe2e1d4eae82809a6765c2ab2ab1b4bac79eb293e457
legacy/skycoin-production-2026-09/client/src/pages/PoolPerformance.tsx,621,21,f7fb8f82d95470189cbb8a4edc7019d6c1f924d9aeee24ee1735f329286fb769
legacy/skycoin-production-2026-09/client/src/pages/Portfolio.tsx,7738,162,6fed9d49281a8a52e2fc9fbd487c4254f2f4a1436e25afa517aa926f32fdb1ad
legacy/skycoin-production-2026-09/client/src/pages/PortfolioComparison.tsx,3986,90,7d31fe9f204271864e83fcc94cb0abfcee483ac1235af0625aac2f14b390bcfc
legacy/skycoin-production-2026-09/client/src/pages/PortfolioManagement.tsx,10423,233,0e7b561a28092f317796ceb7fd5f719d271dcdc9e277b49591c9417c54c01450
legacy/skycoin-production-2026-09/client/src/pages/PortfolioOptimization.tsx,645,21,a987d76a65994385f94fb686a6e87f47f6b7c03aa71ebb2bbc6a80a43e14955d
legacy/skycoin-production-2026-09/client/src/pages/PortfolioOverview.tsx,2623,76,d3b37014a5bbdd7ed9f8c1b1c972b4f3251c97c12d90d5bcf198231e911e33a0
legacy/skycoin-production-2026-09/client/src/pages/PortfolioRebalance.tsx,3967,90,358715db9e3b838e03bc140494c2c603952d995b752ff22a4c0a9eace6c78a3c
legacy/skycoin-production-2026-09/client/src/pages/PortfolioTracker.tsx,3974,90,ce149acd6e74eac1ced2c96d930e625164e096a8857071d2ee3f9086aa6eacba
legacy/skycoin-production-2026-09/client/src/pages/PortfolioTracking.tsx,629,21,d8183e1188533f012cd248fcf3921dd0d01de975997078e2c7843c383c14e668
legacy/skycoin-production-2026-09/client/src/pages/PositionManagement.tsx,633,21,3dd327456a7b8e1f0f389453d7ee25e92d8a8354bb0672a109b8e59f0df2de0c
legacy/skycoin-production-2026-09/client/src/pages/PowerUserTools.tsx,11888,252,9a512bea71e355a2e6790cfa0d24dea2255bc1a00cd40a37759bba068ef7e550
legacy/skycoin-production-2026-09/client/src/pages/PracticeSessions.tsx,21236,557,fb8c9825d738eb21c4c606eb129418eb33e8f06289978c1122284cd94b8e51f1
legacy/skycoin-production-2026-09/client/src/pages/PredictiveAnalytics.tsx,2620,76,97aaec3cf4d7d5ef3ab975762b324adb2332087977fb054f62835a6a6e8b4d28
legacy/skycoin-production-2026-09/client/src/pages/PredictiveModels.tsx,2533,75,599a4760047f45040f5ed622ea183c26529ce9a914d316f4a1ee082351b47c43
legacy/skycoin-production-2026-09/client/src/pages/PredictiveSystems.tsx,10376,220,d5262566b052731d138414b20f97055c8456382c7c1dbdc9f9ff5c6a9c7a32f4
legacy/skycoin-production-2026-09/client/src/pages/PreferencesSetup.tsx,877,26,57f9cb25a706b995db1e5fc2f8ba683cd4fedb5428084a72a3cde61baf43d82c
legacy/skycoin-production-2026-09/client/src/pages/PremiumFeatures.tsx,621,21,9e50c2ba074fc287557cf91ee32adf84ab252cd8e1ec52bed6f1e763e7a2c14f
legacy/skycoin-production-2026-09/client/src/pages/PresentationWithChat.tsx,14658,352,46bc0e7e471a62bbaf1b0df046701bd222c8e622b4d382cabfe393f5b059548f
legacy/skycoin-production-2026-09/client/src/pages/PriceAlerts.tsx,3924,90,ac07539bbbe9dafffbba4ad85796fd0d06b9eea9398727ff9ff512c29c8697b4
legacy/skycoin-production-2026-09/client/src/pages/Pricing.tsx,4606,142,ba70b8b5770cb20099a0d5265b9036cdb56dbe01aa05a5aa876c12ed102ccd30
legacy/skycoin-production-2026-09/client/src/pages/PricingEngine.tsx,10836,239,fade0ce2cfb18cf8a077f3c34dfc3073ce7b6242bc87f12972793053cd6d6b64
legacy/skycoin-production-2026-09/client/src/pages/PricingManagement.tsx,629,21,6fdc6ac1d7876de56d866fb86f2acd822f266624d86fe3f322b73618063a0bb4
legacy/skycoin-production-2026-09/client/src/pages/PricingRules.tsx,2522,75,ac346314794a196d016f2cbe40bd08dd199c470148414d4253888ff572479557
legacy/skycoin-production-2026-09/client/src/pages/PriorityMatrix.tsx,2624,76,447ae960c9e5690a2803051f424ab84f57a9094e49d439f93e731ecc542f1afa
legacy/skycoin-production-2026-09/client/src/pages/PrivacyMixer.tsx,4482,85,81e4437644ab466ffe6fc9e051a33231194abac72b09bec8a487d29eaaf134cb
legacy/skycoin-production-2026-09/client/src/pages/PrivacyPolicy.tsx,2524,75,9eecf9736a2b1e39b96e977dab8bb591929afefb073713570b1c5c486cc4b54b
legacy/skycoin-production-2026-09/client/src/pages/PrivacySettings.tsx,3940,90,c70cdfdbbc56e68ad3a2d326164b516bacef454c2812c523be55ea754ae896c7
legacy/skycoin-production-2026-09/client/src/pages/PrivacyVault.tsx,14767,300,680e14132965ff8795ef27e207c45be409a977cfadb557f8f07e2868a0dbc802
legacy/skycoin-production-2026-09/client/src/pages/ProductApproval.tsx,2532,75,2bfc7562aab06ff12c13f39120a779aefdf846d69b4bfdefe5d9c29f40a4d327
legacy/skycoin-production-2026-09/client/src/pages/ProductBrain.tsx,14281,331,79719998140d8cfee09fb037e0b3b7289b15b017335ca3439db57cbe0ed5b4be
legacy/skycoin-production-2026-09/client/src/pages/ProductCatalog.tsx,2637,76,9dfa703a2341ac7a497c9d943a152ddaed8164d2113a5e44dd204810732d31d0
legacy/skycoin-production-2026-09/client/src/pages/ProductComparison.tsx,2641,76,bde7f05da2af42e996e6954dddb7386b7b33e12670bfc20f68af346f8ee07381
legacy/skycoin-production-2026-09/client/src/pages/ProductDetail.tsx,2635,76,a1d7698d2c716bac6b7191d2c43699e68f727773602e686e34540b52e50e9111
legacy/skycoin-production-2026-09/client/src/pages/ProductListing.tsx,2626,76,0984320473469f9f7995a4b04625ddbb16467656a64e720c0425ed01cbb67aeb
legacy/skycoin-production-2026-09/client/src/pages/ProductListings.tsx,621,21,414cced70eedcb64ae7df783b33f65d93358d5e8e9549c36569cca005979f6a1
legacy/skycoin-production-2026-09/client/src/pages/ProductReviews.tsx,2635,76,193edafbab1e52ceae96511a2835571864882532cdfdbbccc1b7f3573779d5a2
legacy/skycoin-production-2026-09/client/src/pages/ProductionArchitecture.tsx,10236,214,04bf8f51747741b8a9d2837a520f5205bc6a8c89e5afc6b5f16841b0462d1270
legacy/skycoin-production-2026-09/client/src/pages/Profile.tsx,24424,456,074d8090722e22cbec182f5d0753e89021b0233328b8a7418074279f8bd321a1
legacy/skycoin-production-2026-09/client/src/pages/ProfileCompletion.tsx,881,26,8e5873807966d07164e0d352754d535a483354bda85fb3dbb82737286d81dec3
legacy/skycoin-production-2026-09/client/src/pages/ProfileCreation.tsx,621,21,0020a4406b204d3bafcd5d07cf2bd55a1edcd1fca86715ca8583470ab1cb649f
legacy/skycoin-production-2026-09/client/src/pages/ProfileCustomization.tsx,641,21,97311069e3e3f8d22d383385497a86d13989e9424c52e70f98908398c1a4f43c
legacy/skycoin-production-2026-09/client/src/pages/ProfileDashboard.tsx,877,26,62c18f80f303a5fc0dcc368af70099bfc60b4b7664fe022a9de80f4a7cd3e33a
legacy/skycoin-production-2026-09/client/src/pages/ProfileEdit.tsx,20768,415,af478fe50db3fb4043961341db37e31b3288cc35c853d8a48ae273c9cbd6debf
legacy/skycoin-production-2026-09/client/src/pages/ProfilePicture.tsx,876,26,3f10302946348f97c5f26581818cb00d52ecb2605ca0f41c9b5dbed4013cebd9
legacy/skycoin-production-2026-09/client/src/pages/ProfilePreview.tsx,869,26,ad7a0821fa5943d9534fe7a56185971550d639c3fbc6c6e50fdb30c4a6a9801f
legacy/skycoin-production-2026-09/client/src/pages/ProfileView.tsx,605,21,f3091c046026c3a75b22e2aa1c78676f6a5c94745c327f86e08b8aca6037e132
legacy/skycoin-production-2026-09/client/src/pages/ProfileWallet.tsx,15627,296,b58e11717ffcdb584da10230029ea2bc51ee0770c25925711be883407824c8b6
legacy/skycoin-production-2026-09/client/src/pages/Profitability.tsx,13230,156,2271ce2bb95bef08f3db79d8da34bb9a0e76a1e00dac4a1654dd167a9c981f8e
legacy/skycoin-production-2026-09/client/src/pages/ProgressBar.tsx,857,26,c565b3e86526f903e2d8f3e5f60dc569a7623ff4546fe7e7795c56ed95692f2d
legacy/skycoin-production-2026-09/client/src/pages/ProgressTracking.tsx,16208,450,4a0546548e04cb373ba2765759344d115676fa054978c7db98303584c3f2092d
legacy/skycoin-production-2026-09/client/src/pages/ProjectBoard.tsx,2618,76,a5e4998c72920e8dbe54f36d1d1e1750a15529b9ead0900d96ba2b2ea7c38bca
legacy/skycoin-production-2026-09/client/src/pages/ProjectListing.tsx,617,21,32365b70894ab9760208347335cc4547220bda633a3796ccd420bdfaec11f3fd
legacy/skycoin-production-2026-09/client/src/pages/PromotionEngine.tsx,2533,75,e2023cf7e1a3b25ba0391b4fc311fa1e771c835f63f48cde827da1c66afb03b9
legacy/skycoin-production-2026-09/client/src/pages/PromptBuilder.tsx,613,21,fc1df749c80603e90cc021f23ab752fa8201b77169aba10bb147b6a79301a51f
legacy/skycoin-production-2026-09/client/src/pages/ProofVault.tsx,17021,336,7bcea3382e341681cb3ea22f86d00c39a6ac8510e7b3568c24f4be1871a672c9
legacy/skycoin-production-2026-09/client/src/pages/PropertyComparison.tsx,2624,76,aeeacb6fc51328eaa0290afa700d16147473d160d9f07116ff8e75b5149648b0
legacy/skycoin-production-2026-09/client/src/pages/PropertyDetail.tsx,2610,76,256574ed196f250bea73095485e7691520d87a40cf778048dfc35ab8065938da
legacy/skycoin-production-2026-09/client/src/pages/PropertyListing.tsx,2614,76,bc648462aece848c7c1e95c6b83093a09594e2ee6889f17c3853bf0342c63df2
legacy/skycoin-production-2026-09/client/src/pages/PropertyTransfer.tsx,2616,76,25df4ee6adbf649066a49289a2e482e8a3ff0267b3fcb729fc305171038209c6
legacy/skycoin-production-2026-09/client/src/pages/ProtocolLayer.tsx,9182,186,12cf65cc23c63f7e92c90f89df943f004e650a4e63ecd0efa59657c66ed20f73
legacy/skycoin-production-2026-09/client/src/pages/PublishingQueue.tsx,3945,90,7a59968ecf25e203af24baba2cbc79e20d980a84a4bb2e8aa5c3b1446b673781
legacy/skycoin-production-2026-09/client/src/pages/PublishingSchedule.tsx,2622,76,89983f523c43914b12a2d8b3f280482238c65684bd0cd1f3a8f8d2f14cb9e2ee
legacy/skycoin-production-2026-09/client/src/pages/PushNotifications.tsx,2626,76,3d386c50d01bd714c40994b2d3dfb4e252c9c28b87c26a5f56918e94589b0d62
legacy/skycoin-production-2026-09/client/src/pages/QRCodeGenerator.tsx,874,26,9126c1b5fc414a50cb6beefe6007a6db2ededa28b7f54326fa1566c9ec88ec4b
legacy/skycoin-production-2026-09/client/src/pages/QuantumComputing.tsx,4510,85,72996eeb585afb7de2496b0da1122451ec6b3ac5acff18db1d5cce18755505aa
legacy/skycoin-production-2026-09/client/src/pages/QuantumSafe.tsx,4526,85,5237a58dc56e894194611fb6e5a7f704b6d6a64cfc6160ffafed98b095ac7c6a
legacy/skycoin-production-2026-09/client/src/pages/QuickActions.tsx,867,26,c6f7214761d05fbfde3d9379a4ccd8edea1ecbc3730bfef28aa049a5fe2af076
legacy/skycoin-production-2026-09/client/src/pages/QuickStats.tsx,860,26,69c3436595038f8ae5e839c6faaed10951b9e2645ec1392d003d04ebc0bda569
legacy/skycoin-production-2026-09/client/src/pages/QuizBuilder.tsx,2598,76,bcee8efa71ebcf26ca3055580899386bf54280328f6217d3559b0de80b58d6da
legacy/skycoin-production-2026-09/client/src/pages/RFMAnalysis.tsx,2516,75,1f926c49e0e0558fc38fd086b9ccfae8ac375433a3eab1f8f314e3083a31f8b5
legacy/skycoin-production-2026-09/client/src/pages/RFQSystem.tsx,597,21,f118a192f320abeac99508d7239d65e573fcd541c5b4af61f245013bea1db4a5
legacy/skycoin-production-2026-09/client/src/pages/RadioButtonForm.tsx,874,26,b0d1d99d7e2353a64d88dcad8c14b297e4b25ddbc17a9a98e9b32db4e1ed5bb2
legacy/skycoin-production-2026-09/client/src/pages/RateLimitConfig.tsx,2532,75,dbd6fdb8aab77797eaafb0e9ea718fd592a7bc9685521ad901076d558ad6ddb7
legacy/skycoin-production-2026-09/client/src/pages/RateLimitDashboard.tsx,8755,176,46feafb0579aa0939788f08aeef3013bfbaf3569228a31d9142c7717f949c267
legacy/skycoin-production-2026-09/client/src/pages/RateLimitError.tsx,875,26,0871219c16e762ed82dc4b0460cfdaa39c39a0f0dba85fc7b8b4aaa48076f4b3
legacy/skycoin-production-2026-09/client/src/pages/RateLimiting.tsx,2607,76,2e4b2431ce694288898531d1fc4e0707acfbbe17d24674b2fd3bc94993e5d008
legacy/skycoin-production-2026-09/client/src/pages/RatingSystem.tsx,861,26,26876a5b26877cd0b99d52cb624ecc2e7a17c3d9a5d1b63718fbcf7da5368286
legacy/skycoin-production-2026-09/client/src/pages/ReadReceipts.tsx,609,21,35d8d8fe39218fa88571529bdc1a02ec50585f6a771b7899e2c91b299fc9a99f
legacy/skycoin-production-2026-09/client/src/pages/RealTimeGameEngine.tsx,633,21,03f8b6845f23e5e1d5feb32ddaf97e99061e15ae6f5696e1bee4dfb3ead23f0d
legacy/skycoin-production-2026-09/client/src/pages/RealTimeMonitoring.tsx,2628,76,e37dace32f015f5afcddd99ba5432255481fe637aadbf6867c93518e7dbe9f8c
legacy/skycoin-production-2026-09/client/src/pages/RealTimeStreaming.tsx,629,21,4eb944b7d2c7a083aaf848dffb9bcbd85133eaa71d99e8d03bee5d0212eae24e
legacy/skycoin-production-2026-09/client/src/pages/RebalancingTools.tsx,625,21,5954c78268a9cc5e265f1d0b588f477a7e633b5b13ccfab48b5becf21bbd05dc
legacy/skycoin-production-2026-09/client/src/pages/ReceiptDownload.tsx,873,26,b8eaacc0b6d0327cddde626e4fdfebadb4c47ea9cabc8165a795fc9b5586c13e
legacy/skycoin-production-2026-09/client/src/pages/ReceiveCrypto.tsx,865,26,7f6e3be9b39ee6bfa336522d527ad5b1c450539e6c2f36d573eaa0a22d7abee0
legacy/skycoin-production-2026-09/client/src/pages/RecentActivity.tsx,874,26,b7428ef3429d3db4ecbb6471e4f3b4354acdd7d9a01e4ddecdd3b0aebeb12e54
legacy/skycoin-production-2026-09/client/src/pages/Recommendations.tsx,3957,90,bbb2a113f7e7e03e55abfb1769af21d81cbda92c8e570c7d169e8a676bc28674
legacy/skycoin-production-2026-09/client/src/pages/RecommendationsFeed.tsx,889,26,d7751ea6e2c305a6bfbe85dad89606f85a47017e88e32ebdcfa71b12fdf283ff
legacy/skycoin-production-2026-09/client/src/pages/RecommendedMatches.tsx,633,21,a0f3e637192844947a0a85c2569325d619110b5edeb4db3b4dea2eca477c046f
legacy/skycoin-production-2026-09/client/src/pages/Reels.tsx,7772,139,1fa94b13bdae16bdc95d1dd8e44c3dc33af135c2f80476512eaec724d3aa82f5
legacy/skycoin-production-2026-09/client/src/pages/RefactoringTools.tsx,625,21,4100f1fdd8ed742a430a9d42bd22ed23987c87a48aa9b78656b1a0a89db9e630
legacy/skycoin-production-2026-09/client/src/pages/Referrals.tsx,7870,187,61c6a7e296b01e999b501bde74234f18609936fa5e2fd7fbb414bb45dfaaa6c6
legacy/skycoin-production-2026-09/client/src/pages/RefundRequests.tsx,869,26,842edb2bca47fd7b65ec563b6e00ff26f4b73890b92be5f8c98f67db02e09837
legacy/skycoin-production-2026-09/client/src/pages/RegionalSettings.tsx,2615,76,ae6754de4af315286be23cfd36e018ac655db00d7e7255567368046552ec76b3
legacy/skycoin-production-2026-09/client/src/pages/Reminders.tsx,2594,76,03c62c00f2780a414e5b0f9a155b1882008293b9c012e85815b1356b6ceaa32f
legacy/skycoin-production-2026-09/client/src/pages/ReportDialog.tsx,860,26,128a2430328dd1a6449cb1d1b3bce4b1c7609b4ab171ef6d281f5d94b42751f8
legacy/skycoin-production-2026-09/client/src/pages/ReportUser.tsx,853,26,cba2d87e1434154abd7782ddaf069cfe833eab3db826ea3e4584b4bfd5929179
legacy/skycoin-production-2026-09/client/src/pages/ReportsDashboard.tsx,877,26,700eff15539f28d3b3feef6c5980915a6be39f9398a7c683e92e1c9e053e3f3e
legacy/skycoin-production-2026-09/client/src/pages/Reputation.tsx,601,21,31509c19f89015e28f96eb41ce78463932c325645c3e77a911e8d3ab4ee2df8e
legacy/skycoin-production-2026-09/client/src/pages/ReputationSystem.tsx,6001,116,29b98855b3eba65f0343b400388e76f1240f2962319bb6de2d439904f0aa46e5
legacy/skycoin-production-2026-09/client/src/pages/ResourceAllocation.tsx,2630,76,be7a86fa5d187c3a802ed8a25b763169e02784acd8b898e5c7157952585c3b88
legacy/skycoin-production-2026-09/client/src/pages/ResourceLibrary.tsx,2613,76,29e371109baa5a02165f3a1b067d60c84568de6196ee3141fef10dc5f0460dc2
legacy/skycoin-production-2026-09/client/src/pages/ResponseTime.tsx,2610,76,c8c0310f377803c480a55d7e2d4c37796ce3f9081a7f6498e18d31100ce09db2
legacy/skycoin-production-2026-09/client/src/pages/Retention.tsx,19677,325,50df2f0925d51204ae4907461e2447422276eb368ffcbbb54221a21aac681416
legacy/skycoin-production-2026-09/client/src/pages/RetentionAnalytics.tsx,2634,76,9a80308ff4222771d9f4a0ff72962510fa796377482a944d19509f8bd3962c05
legacy/skycoin-production-2026-09/client/src/pages/RetentionEngine.tsx,8669,184,449e38987fb2e12b54e1a70f28dface488d6c889a9b7fecba7bee9d1da9ad051
legacy/skycoin-production-2026-09/client/src/pages/RetirementPlanner.tsx,2622,76,63511d8399f412192982da8f10f51aa707d500c2458d58c099db88541e7218b9
legacy/skycoin-production-2026-09/client/src/pages/ReturnManagement.tsx,2634,76,4f4fde1b43ec81264c0a6bc5166dd0f0f0648cbda941ee52406ee4c5ff0715fa
legacy/skycoin-production-2026-09/client/src/pages/ReturnsRefunds.tsx,871,26,b3984e53e0136e46fa0e62b1a443795966c3ff8f7805189b5f3deba6a9e24f43
legacy/skycoin-production-2026-09/client/src/pages/RevenueTracking.tsx,3970,90,00a17a8413a5b0604551fb7700de799de6246b75822d8be68ed641e525a4fa0b
legacy/skycoin-production-2026-09/client/src/pages/ReviewModeration.tsx,2536,75,9628cc8a092c32294d002df379de0dd4369ce3c8fb8a99356923a9a4b4074b35
legacy/skycoin-production-2026-09/client/src/pages/Reviews.tsx,2585,76,035a1377c09bab3e99c40f3c53f7d4179bf360d5711b03af5908fc923c0ef4dd
legacy/skycoin-production-2026-09/client/src/pages/ReviewsRatings.tsx,871,26,a953f8d1ad6aff6e4e6c92b637caf75bde115273348bf9b59471706297839b9e
legacy/skycoin-production-2026-09/client/src/pages/RewardSystem.tsx,609,21,65499db40754d16688fedb9af1e12041bb7b72eb914b67e13dfa1c17d290876b
legacy/skycoin-production-2026-09/client/src/pages/RewardsMonitoring.tsx,629,21,e8ddbef2500bdca74aab23d32f975776dab0742133b753dbe71b9bfeca823a22
legacy/skycoin-production-2026-09/client/src/pages/RewardsTracking.tsx,621,21,a75ea5f173db4612941c137b4f0567e515150db3dd0017e65e2c5318c2bccd3a
legacy/skycoin-production-2026-09/client/src/pages/RiskAnalysis.tsx,609,21,bd9989f119b0e3231dd778a85cde61b0653ec1fbd1535260fe515cd021271015
legacy/skycoin-production-2026-09/client/src/pages/RiskManagement.tsx,3946,90,241ee5984d3808eac5820472fbf0c47355e3fc1d86bedd17218836e4994c52c2
legacy/skycoin-production-2026-09/client/src/pages/Roadmap.tsx,2588,76,cdcc1a7e50c627a63a299edf63320a6f59211b335695ce7a303ae2fa21d9afe5
legacy/skycoin-production-2026-09/client/src/pages/RoadmapView.tsx,2614,76,e3de9c07f3bb3db17dfee662853b7cffbd5a9d592b8de07b91a8cf681ef7319a
legacy/skycoin-production-2026-09/client/src/pages/RoleBasedAccess.tsx,621,21,46fe880b50c47e669a92bbb9744d9cec0b8ca7680ae81ad88d85e2063ebaf22f
legacy/skycoin-production-2026-09/client/src/pages/RoleManagement.tsx,3941,90,a31440183ce0a2087e9f6c6e58bc647da8acda4bbb7406a61a325d91fa911059
legacy/skycoin-production-2026-09/client/src/pages/SDKDownload.tsx,2598,76,1249c6659a7f0d5c0848b1268f2b777cf6e035a018e285228b767cd9f3a89ae7
legacy/skycoin-production-2026-09/client/src/pages/SDKManagement.tsx,2522,75,ecdfb520f9830677cc3835bceff43a3ceec0d60387c0450b79a3ec0aa2dfff0b
legacy/skycoin-production-2026-09/client/src/pages/SEOOptimizer.tsx,2613,76,b55fa74369dfc161acd6cf83b4a616fad625ec4e382e5ced972c97a656aff8cd
legacy/skycoin-production-2026-09/client/src/pages/SKY444CentralBank.tsx,14060,264,2541d1e0847c13e2eba1b62be2046cd99d47dcbf073f12d1fc7de61e14ce1693
legacy/skycoin-production-2026-09/client/src/pages/SMSCampaigns.tsx,2601,76,c39c3c7219a0ef87ec79962266eade4b7a72ba4377d3f8ed30926dc52ed622e7
legacy/skycoin-production-2026-09/client/src/pages/SMSIntegration.tsx,2530,75,903fc3ec0a6fc3a7ae71528e393c3d90d487e13e025b7ba4a09b4f6a8424899c
legacy/skycoin-production-2026-09/client/src/pages/SMSTemplates.tsx,861,26,9c819f48248f50cdc2239bdc7de1a40c802193c328eb33dbe7e52fee1123d355
legacy/skycoin-production-2026-09/client/src/pages/SMTPSettings.tsx,3948,90,ee1f1643dc43c4dfdb9a50e308fa62a11525773c7d1f9d8999510efc5327b07b
legacy/skycoin-production-2026-09/client/src/pages/SOC2.tsx,2499,75,b843ad7219803b540b3d7238df1776c6d8202dacbd3e0438b03e1afb1ad5dc29
legacy/skycoin-production-2026-09/client/src/pages/SSLCertificates.tsx,3940,90,50d0c914540757ed52e5163a482109f4132f9bb35b882ec408460ecf13a973b5
legacy/skycoin-production-2026-09/client/src/pages/SSO.tsx,2494,75,8fea6819c4f3acb2a5e60004dbf409bb605d2af78c7c4ced9c5165143e94bfda
legacy/skycoin-production-2026-09/client/src/pages/SalesAnalytics.tsx,2633,76,10bff9d48ef60b29ea66ba308f36bfef65375317bb59faabb0a488fc8ab9c5eb
legacy/skycoin-production-2026-09/client/src/pages/SalesforceIntegration.tsx,2549,75,c8a9c5e4553bd41b1d6853ef7234e92707c060bc8600b653cc43e3a60725549b
legacy/skycoin-production-2026-09/client/src/pages/SatisfactionSurvey.tsx,2618,76,c2c9e0df0bc762ecf78d84388a248722babe27ff8a8c43c060e14a8e76a43e5b
legacy/skycoin-production-2026-09/client/src/pages/SavedProperties.tsx,2606,76,684fb78dd091371dbd03b91f4a491e00b6782e172a687cd1c93e24dc46b6aed4
legacy/skycoin-production-2026-09/client/src/pages/SavedSearches.tsx,2604,76,7dad69873a4425a7a20d668cc41e52034e9a6718c1a6ba2860d1371d8671a290
legacy/skycoin-production-2026-09/client/src/pages/SavingsGoals.tsx,2604,76,af1d4cdc0fc328df6402dd12ded2fd8ddccf8a099f9fb6c2b1b3d20d37264ac5
legacy/skycoin-production-2026-09/client/src/pages/ScheduledJobs.tsx,2606,76,97000d06a7ebcc541ecb01df70fba84288fd4ee6ebe31afd12fbc196a6b0ae24
legacy/skycoin-production-2026-09/client/src/pages/ScheduledReports.tsx,2625,76,79af7c22549b71b7cedd96c72245c32b20f8594e131d81263497db7bb62e1c66
legacy/skycoin-production-2026-09/client/src/pages/School.tsx,15868,182,4abae53b96f67b8f32d4ea8cf32ca87cbb4f0900511f087fa8fba47762c8941e
legacy/skycoin-production-2026-09/client/src/pages/SchoolCertificate.tsx,7552,112,a1b5f96c33a67edcdf798b4d97247e27d95d10ec5145ff70a6c96976e15c46cd
legacy/skycoin-production-2026-09/client/src/pages/SchoolCourse.tsx,14381,177,44a739918eb94328be7cf12edd4e570f883f143e215a3f61378260c345109337
legacy/skycoin-production-2026-09/client/src/pages/SchoolDashboard.tsx,4421,84,ed9137792a7cdbe6aaf813ef1ebae099d022bd33136a7e2f4b2f11a40ab084ec
legacy/skycoin-production-2026-09/client/src/pages/SchoolLesson.tsx,11417,179,e72d113a2406bc12465791f5ec0c3748054f855ca349059fa963ede15c14a19a
legacy/skycoin-production-2026-09/client/src/pages/SchoolQuiz.tsx,10268,123,e67a37c05037e216aacb5aa4f145c946f81c0d88fdc916cf90d9c11a50ddad33
legacy/skycoin-production-2026-09/client/src/pages/Search.tsx,7717,175,09ba7dcc52eae486ee47d43c0df43787cc61c3a80a3f0e0c7ad035174ceb6600
legacy/skycoin-production-2026-09/client/src/pages/SearchAnalytics.tsx,873,26,3cbb84596f7c71b69368ba40952432f542e8076e22385191f829f798322b07fe
legacy/skycoin-production-2026-09/client/src/pages/SearchHistory.tsx,865,26,4e663297c7f7a5a96fa92eb4bc88828ed1fc41821fee0d5b7ecb22111a9b6a6e
legacy/skycoin-production-2026-09/client/src/pages/SearchResults.tsx,865,26,29fbc9a0828e9fc800410ac295dd373a6a44d573011ec7bb86259f3af3a192ed
legacy/skycoin-production-2026-09/client/src/pages/SearchSuggestions.tsx,881,26,ba7c6561f0a574ca551097678637d32f28cf7fba7969779d24ab3e7d03299a07
legacy/skycoin-production-2026-09/client/src/pages/SeasonalEvents.tsx,617,21,84d8ee8f8893549c93abbdc8360f1c8a0093b5c3b24c368acd73837a53fb997f
legacy/skycoin-production-2026-09/client/src/pages/Security.tsx,3740,59,3e4c367548e0e095ef2dfef9bf0eef2739311d6c41310f9f5184e2a739b7c738
legacy/skycoin-production-2026-09/client/src/pages/SecurityAudit.tsx,3942,90,1f86f7c633ac49dce52032da757dfb9469f22d3b5d92971b5ce29d26464f6451
legacy/skycoin-production-2026-09/client/src/pages/SecurityCompliance.tsx,11549,204,6989312458140df59d03d82a75898c844335867cee3a1a5a9613f4acabc9c08f
legacy/skycoin-production-2026-09/client/src/pages/SecurityDashboard.tsx,11170,220,9b07a63e321f0dcedc8818fe001bd4795041629d6faa56a610fa714ee59bd304
legacy/skycoin-production-2026-09/client/src/pages/SecuritySettings.tsx,877,26,055201c752e539ae9a4be43ed1b12c5b374876a81bb05b3dece1653c612cb099
legacy/skycoin-production-2026-09/client/src/pages/SegmentationAnalysis.tsx,2552,75,cef3d07117208f9c4efacacd515f27776cee99d02bf950573d3e10ff0e74f271
legacy/skycoin-production-2026-09/client/src/pages/SelectDropdownForm.tsx,886,26,af3a11a8bf258f2c89cf09037fe16216ac20feb5c38cb7fd9969ebb5b1e85121
legacy/skycoin-production-2026-09/client/src/pages/SelfHealingInfra.tsx,8657,178,e4448896a03bb70a57104291ecb93c757f904b2d93b2648c0d5bae2efd80fb86
legacy/skycoin-production-2026-09/client/src/pages/SellerDashboard.tsx,2636,76,586ca0d7bb18b30a4fc5acfdf2afbfa01f6a70b740361d7b700ba95b8f801e89
legacy/skycoin-production-2026-09/client/src/pages/SellerProfile.tsx,865,26,ce5b765f52cc8b08fc7fc7e137f98f3156276188b10dd02a62375db7f25f5243
legacy/skycoin-production-2026-09/client/src/pages/SendCrypto.tsx,853,26,125c1d066f270ef1a7e2b0f263c3c3cf874f1d90a3bcfdef64149338e5b82db2
legacy/skycoin-production-2026-09/client/src/pages/SentimentPipeline.tsx,7791,117,50b4b2d3010ccf739f8743908fcbd661b2bb6e6888b0a62afdc13928c4a0c465
legacy/skycoin-production-2026-09/client/src/pages/ServerHealth.tsx,9308,190,6171d0d874e7e0122e33fe913b3779b42273a2d41306c4b0c46935a6656f8cc7
legacy/skycoin-production-2026-09/client/src/pages/ServerInstaller.tsx,25633,547,837966733df473eac1da71053a082a4990263aa0121f9960213799928bbe3f0b
legacy/skycoin-production-2026-09/client/src/pages/ServerStatus.tsx,861,26,30b1717dd8ff4e31dff11c68f33cb40dc690214ad4f55624a32f9fde64c554d0
legacy/skycoin-production-2026-09/client/src/pages/Settings.tsx,16298,365,99e0d813bd820a5736fc9e515dfaa1a9910b01b4c0ffed6b12142724bc929f56
legacy/skycoin-production-2026-09/client/src/pages/SettingsDialog.tsx,868,26,423e32c27e95e13c14e081a8246a265f5906c5b4e7a1e72a9d4c2764fa168121
legacy/skycoin-production-2026-09/client/src/pages/SetupWizard.tsx,857,26,abdc1b37f501b1df3eea6435b4fce7b1a1612c03f51145ba55dc55a159aef2bc
legacy/skycoin-production-2026-09/client/src/pages/ShadowIdentity.tsx,16311,378,51bac8a108b1d30d454296e45dc083ad5dfa6c17d90ccbe9c09b05e30ffd3941
legacy/skycoin-production-2026-09/client/src/pages/ShadowRelay.tsx,10057,186,f2eda254208c55b42692d00e115315b6ee6c2afe33db0299a2ebc575a5e63ac5
legacy/skycoin-production-2026-09/client/src/pages/ShareDialog.tsx,857,26,41d13167bc7bd6169009b4e4867aacfc54cadddfe6204e3ed7fffabcf532cc12
legacy/skycoin-production-2026-09/client/src/pages/Shares.tsx,3941,90,406242116697b163e3b35e9f2e3b81836d1651b4b340cb0f13006557b393d684
legacy/skycoin-production-2026-09/client/src/pages/Sharing.tsx,589,21,e1c178706dd91c9d468891733cbee493651387de6e45009e826f93b5007905b7
legacy/skycoin-production-2026-09/client/src/pages/ShippingManagement.tsx,2644,76,696994d626e73ca8a29936f254b0d8d6c4eadce3c12a6a42521c50864df9cfe9
legacy/skycoin-production-2026-09/client/src/pages/ShoppingCart.tsx,2631,76,6e62fc47988ab6c26d4c91825a221c6929c38d0f825db56b1d0778a1eed8dfcc
legacy/skycoin-production-2026-09/client/src/pages/SidebarNavigation.tsx,881,26,c455456c8474c7cbed57ce11419886c35e2f1be81b7c55c645d1f7d82126c7b5
legacy/skycoin-production-2026-09/client/src/pages/SignUp.tsx,16783,398,630c642be2433c8e763ba4c8276f4296492e56476bbac2d96d61c8aed909472d
legacy/skycoin-production-2026-09/client/src/pages/SignUpFlow.tsx,11765,299,59a0320388711020e941e74db566cf96cb5112db0a27176388beaf8892c972f3
legacy/skycoin-production-2026-09/client/src/pages/SignUp_old.tsx,6054,166,63fa4a62819616313db8cb0e6a3d5f483e7dabf8dbd8dd774c7bd52d92fce8d4
legacy/skycoin-production-2026-09/client/src/pages/Signin.tsx,5079,141,7bf86a3ed5bc5f7cc33324ca7905d5943bc6baeccde998d6f7eac45b155d843c
legacy/skycoin-production-2026-09/client/src/pages/SituationRoom.tsx,16177,396,13ff27bc9c8e47cc811a09c4cba0e5c8a3fe3454aac7fa6d00c4c4977db3ab7b
legacy/skycoin-production-2026-09/client/src/pages/SkillBadges.tsx,2598,76,b6bac14cdc26797df2c2d8e7d728f0aa68db9609035fd63f79ce411f124f5e9d
legacy/skycoin-production-2026-09/client/src/pages/SkySchool.tsx,44605,1439,dcccf9aff643683f311f79e03e530ca4186a93e90869c383ac90c1bbb471eccd
legacy/skycoin-production-2026-09/client/src/pages/SkySchoolAI.tsx,4778,131,a1af5b9a617a3a1fb478be42929399bd8fc53cf392e35212d33c1bb552907224
legacy/skycoin-production-2026-09/client/src/pages/SkySchoolQuiz.tsx,16313,448,f859ae48c8b407af9ece5bbcf6b699a4b9eb788a8238605ab96c7924a182e022
legacy/skycoin-production-2026-09/client/src/pages/SkyStore.tsx,13916,364,9cb7e2668e337b7cc31cb5dba2a08edc2a57edfccf338b9299854778acc8731a
legacy/skycoin-production-2026-09/client/src/pages/SlackIntegration.tsx,2534,75,d40798d2edd4527c1a02e3b2b1816e408002ca6da85afdd90faf0e0a20484fd0
legacy/skycoin-production-2026-09/client/src/pages/SleepTracking.tsx,2601,76,c63e3ea36401ba129808838be171273b33bf573e8c9f4f22e724939fa5b65331
legacy/skycoin-production-2026-09/client/src/pages/SlippageProtection.tsx,633,21,4673e7b5a327c5e1146eaaa503fea374c59a4cbe024ea8f14bd11eac507ead8c
legacy/skycoin-production-2026-09/client/src/pages/SmartContractAudit.tsx,2539,75,b7bcd1e0f67867a3e19a225529b951a579bf0a33f505bc39faec4c9028792990
legacy/skycoin-production-2026-09/client/src/pages/SmartContractViewer.tsx,637,21,78e6f85506d8d93da8499080e05f4dc79edc9e1ee5c6ca1cdc2658d0620787a8
legacy/skycoin-production-2026-09/client/src/pages/SmartContracts.tsx,2538,75,09ba30655d22fc5fb2a8a31c293649577e4c7b11b1cc67fd919d16bb6e396e60
legacy/skycoin-production-2026-09/client/src/pages/SocialAnalytics.tsx,3960,90,f38cd260c266e466f74af970760404f1319dd27f1c88b5f65d09d5b433d12263
legacy/skycoin-production-2026-09/client/src/pages/SocialEvents.tsx,3948,90,5b031b3d992ee9ee8d4f2315aec4e21662470c178f7180de55802cb865e1bf74
legacy/skycoin-production-2026-09/client/src/pages/SocialFeed.tsx,6927,191,a8b8b1528f85ac136e723b6297da68707cb03bbef5b499e9b51cf5b0fa5bc11a
legacy/skycoin-production-2026-09/client/src/pages/SocialFeedV2.tsx,17159,428,b5595f3fc684b4feaadbc2cd70ce3ed8af3bd8fa2a119a72798a828b69336e62
legacy/skycoin-production-2026-09/client/src/pages/SocialGraph.tsx,7650,170,4b9b05f89880ed080694d4b979ad32fec544d705aa7e2f24212c3aa45a518314
legacy/skycoin-production-2026-09/client/src/pages/SocialMedia.tsx,17582,298,ed0644cd26594426a06914357f863c257648105396b22f1b11d4ce3325002eef
legacy/skycoin-production-2026-09/client/src/pages/SocialMediaCampaigns.tsx,2626,76,611388b7c4ee480c0ab647e5d26973bc08bbffc5963a648577343a52db71c2f9
legacy/skycoin-production-2026-09/client/src/pages/SolanaValidatorSetup.tsx,641,21,497e4cb7d31331b073bad2ce59ee564410c53cb54c90d070c65cd277c4487db9
legacy/skycoin-production-2026-09/client/src/pages/SortOptions.tsx,857,26,0fac9308e58a55549b539b5dac0942c2c46f85d51c1f75267f84d27f512f10a6
legacy/skycoin-production-2026-09/client/src/pages/SpeechToText.tsx,609,21,87c4c3938f5a61ef748e46b806bea786282d1cd0bf1d4a01eb0215d04c9a7639
legacy/skycoin-production-2026-09/client/src/pages/SpinWheel.tsx,11669,292,4ec0968483e046cffd8a27df689a9b17f91983cd60d0af3548814a1185e81e4b
legacy/skycoin-production-2026-09/client/src/pages/Sponsorships.tsx,3950,90,97548d56549d2f4e0d4ab9756d6468529c3308ee47547e3ca150dd5ab7ecb303
legacy/skycoin-production-2026-09/client/src/pages/StakeDelegation.tsx,621,21,2e1cd4f49ad3c31a588556c02b06c0be7c1f823680e4301937750e97c8516906
legacy/skycoin-production-2026-09/client/src/pages/StakingDashboard.tsx,2534,75,a7b874134e771aac0525061c86550e31a5022c3cb4c4ccd30b22edadab21a61b
legacy/skycoin-production-2026-09/client/src/pages/StakingHub.tsx,3920,90,aed66a9c947f8380f95cd0edbe1f1fb432f814974377c390f3fda619d7733455
legacy/skycoin-production-2026-09/client/src/pages/StakingOptions.tsx,617,21,dd6f42a9554520019e044630386d2a4744b00c83e95a2f6fc71328ab68beaf94
legacy/skycoin-production-2026-09/client/src/pages/StakingPortal.tsx,22644,430,6136354158a14b90aca6d84a67e2615dfc191a64a43f711b76bd284597a9cbd9
legacy/skycoin-production-2026-09/client/src/pages/StatisticsPanel.tsx,873,26,fd96dc0282b23316e15442d9a86ce521a10b27de6314cb4e52ac6054af3ea8ec
legacy/skycoin-production-2026-09/client/src/pages/Status.tsx,2583,76,64f298b36bd022996c2831e854b42c38237c003f4b6488cd7e7c4f30703c3521
legacy/skycoin-production-2026-09/client/src/pages/StepperWizard.tsx,865,26,3c03e592f90bc0eb7f0c71c751b75c136af8c438ac592cdce0b64566a7f5b67b
legacy/skycoin-production-2026-09/client/src/pages/StockChart.tsx,2594,76,50868c670efdd6bf970e23f4203033e12f6ee7d8ac0b02c47163b6440ff50bcf
legacy/skycoin-production-2026-09/client/src/pages/StockSearch.tsx,2599,76,82f48dd599f7f383817f7d1f76a0224b37fa17d672bf991744bb0306b6dde4cd
legacy/skycoin-production-2026-09/client/src/pages/Stories.tsx,28326,668,3aa03d28481c043c76ba6964a5210e069a9f1ed872bd7a363f9517688de0bc46
legacy/skycoin-production-2026-09/client/src/pages/StreamAnalytics.tsx,2624,76,170384c827600f74e01f3d966f88eb687e44d3f42e810899024de5cc75bb59e3
legacy/skycoin-production-2026-09/client/src/pages/StreamClip.tsx,5656,100,98b11d7a455b758eff276fca1a22881b18ff8de3ec6d92ca99d75d6135b71272
legacy/skycoin-production-2026-09/client/src/pages/StreamGifting.tsx,13016,268,9a7f092d04eedf7292501268aa817ac0617e6d35da16d6a6b2715f8abe8e8756
legacy/skycoin-production-2026-09/client/src/pages/StreamingDashboard.tsx,3957,90,bb848468e0591acf29844d5a674698c6144d5b1e5fd0ea8e6dd368cdd272fca6
legacy/skycoin-production-2026-09/client/src/pages/StripeCheckout.tsx,10597,264,95ac536fe7808d76fa9192cc904c69f64b0e4550d87af74cf1e984b6120e0f17
legacy/skycoin-production-2026-09/client/src/pages/StripeIntegration.tsx,2534,75,56eb2835575660f96b5032555e5c130ad676451dab9589a55b87b11d921c86e5
legacy/skycoin-production-2026-09/client/src/pages/StudentProgress.tsx,2611,76,adf29db568d480cebcae8665492666fd252ca8186ff576f3d05593f9b79319dc
legacy/skycoin-production-2026-09/client/src/pages/StyleSelector.tsx,613,21,96abf5dbe96eea49966ed0d8abe4bd5400cbd8143cba1695f370913511b19b65
legacy/skycoin-production-2026-09/client/src/pages/SubscriberManagement.tsx,3965,90,9f0b4b0b4fac3d2dc34d7514e9f184e5d8d66553c6d55508851622a346398b20
legacy/skycoin-production-2026-09/client/src/pages/SubscriptionManagement.tsx,2643,76,e099119d9abaa3161305a7561db1ffdfea66b9518319580ff248b20e46130727
legacy/skycoin-production-2026-09/client/src/pages/SubscriptionPlans.tsx,629,21,0f274551712f116cb375bea10e0b71491c316a6d27d4118d3a8dd77e06c404df
legacy/skycoin-production-2026-09/client/src/pages/SubscriptionSetup.tsx,629,21,0b203dbc59f5fb23c96dfcda8fc7af54bb5f5b14866ccb854d0b5b0511c0a5ef
legacy/skycoin-production-2026-09/client/src/pages/Subscriptions.tsx,10359,251,a6f4cef1f1f5dc20271a7e9d5285d2bdffdfa3642d7d7c414553cc2c34f3a14e
legacy/skycoin-production-2026-09/client/src/pages/SuccessDialog.tsx,864,26,884b29d79d88141b22f70d946a588782009e440e457779dcb1b1b15665e19a1b
legacy/skycoin-production-2026-09/client/src/pages/SuccessScreen.tsx,865,26,9fa23c987b2232fe6309c17e7fe1f6aa49c23b9fc7f0db30993311a50a5c5f17
legacy/skycoin-production-2026-09/client/src/pages/SupportMetrics.tsx,2606,76,229d44d2fce4c8caaa6513e7607f3b5cc6c089af3e10e552468e7dcb110b72ac
legacy/skycoin-production-2026-09/client/src/pages/SupportTicket.tsx,865,26,a76d5f7823e2114e0deff2e52eefec469b9c8da5eeddaacb3b959eafc0658aa1
legacy/skycoin-production-2026-09/client/src/pages/SwapInterface.tsx,613,21,18e24387a185b928d9ffb77fd07cce2c8ab3caf7adaf88053ec72ca227e88855
legacy/skycoin-production-2026-09/client/src/pages/SwipeInterface.tsx,617,21,49e10f5e268a68a14accb62ebe0bdd07804923a5e3cb067600e4705cb59d2eae
legacy/skycoin-production-2026-09/client/src/pages/Synthetics.tsx,4489,85,c4e3ea4e2cc1ea7e84646c5a762841653d651bfeb22d1bb84a949441202da156
legacy/skycoin-production-2026-09/client/src/pages/SystemArchitecture.tsx,5968,119,84b433010fa9fc14d1f6a40642926912bf29b0538a66eb4c799b693f8ea7514a
legacy/skycoin-production-2026-09/client/src/pages/SystemLogs.tsx,853,26,68f985c21b871659abf38066043bdb3c71ce55e3978cdb29da9d4db10ff4426e
legacy/skycoin-production-2026-09/client/src/pages/SystemMonitoring.tsx,3964,90,a0f79640d267b5cc37f21b1366e2288063ad14fee49d8d5ecc27117927ede3e7
legacy/skycoin-production-2026-09/client/src/pages/SystemObservability.tsx,18868,383,df00d0d38da12c60d369483b4ad4e2c18f39755a58d9c75ef00165b7e1fcfe15
legacy/skycoin-production-2026-09/client/src/pages/SystemSettings.tsx,3956,90,077b03971397b642a3a66af94615ac7dd1e2433e6f8ade003e54e2d959079b8f
legacy/skycoin-production-2026-09/client/src/pages/SystemStatus.tsx,15751,351,6256056e4e49df1fa103b9ec52597eefca5dd174148bfe777b4dbd339b30dcfb
legacy/skycoin-production-2026-09/client/src/pages/TabsNavigation.tsx,869,26,81e66ffd45bcf3bb5b62aab3cee3693e7a94f7ebbee23a18d2b0b54102e99f50
legacy/skycoin-production-2026-09/client/src/pages/TaskAutomation.tsx,2608,76,5d45ffec6e369899106777921bb5dd07edf26dc88cee3487ae43f35868fa094b
legacy/skycoin-production-2026-09/client/src/pages/TaskDetail.tsx,2608,76,8c1fd12b08ad7e6cf5b4b3b1522e8d38c591bbdc6801151eb10469a4f309aa66
legacy/skycoin-production-2026-09/client/src/pages/TaskList.tsx,2605,76,789c5c68b1aa2e0ac14fdc57adadcc8a0dbf7e3c9cd95070897720b98a7e0c03
legacy/skycoin-production-2026-09/client/src/pages/TaxDocumentation.tsx,625,21,780689fb4a3e27780f4d840706b15f960b5cab0813e5961c788de4ef1ef5eba5
legacy/skycoin-production-2026-09/client/src/pages/TaxPlanning.tsx,2601,76,9c7e06c183dd0b2998589f29d256946eb64f3e612ad054ed689b925ad5b9e614
legacy/skycoin-production-2026-09/client/src/pages/TaxReporting.tsx,3948,90,bd7262d0539b611ffeff05af991bcbb782f001b1d623eb45527e138ef139d0ec
legacy/skycoin-production-2026-09/client/src/pages/TaxReports.tsx,2595,76,dfd949317d5b161033fc629cbc5362d4f08fee595dc660814bfb968416d175fc
legacy/skycoin-production-2026-09/client/src/pages/TeachingOpportunities.tsx,18620,444,d6c02bacab4cb736c200b817de145aecadf3fc788376f3faa550e7ae5c71d6d1
legacy/skycoin-production-2026-09/client/src/pages/TeamManagement.tsx,2623,76,f7e8c6912a97aabedd5ae9aa524570b3fb2bfb69b2630602ac99dc46ce79f331
legacy/skycoin-production-2026-09/client/src/pages/TeamWorkspace.tsx,24558,434,1e63e856167495b5e06cdb45b23d98fc1bbaa01b657c345e1e9ab7480be41f88
legacy/skycoin-production-2026-09/client/src/pages/TechnicalIndicators.tsx,637,21,5bee209d8d975cd4d03822b493d3f6f5c03dffb8fb2b38579f7a50d981524940
legacy/skycoin-production-2026-09/client/src/pages/TelegramIntegration.tsx,2546,75,f7fc7bad9ea1a5d8ed9bb29aacdece7bb502b736b73e49aa80a8eb1aa797b4d4
legacy/skycoin-production-2026-09/client/src/pages/TemplateLibrary.tsx,2612,76,4c7f105c6e0f55da0174fe051a7d6fb16ddeb9dc0bb79727e9f33bd045e52ce6
legacy/skycoin-production-2026-09/client/src/pages/TermsAcceptance.tsx,877,26,835630b5f844483095d97391ebdfc99ace74340490e966fd4ab08ff0fe33a610
legacy/skycoin-production-2026-09/client/src/pages/TermsOfService.tsx,2529,75,7666c615b313497e1428257ae26952ba761cfef169f69eedf0d659f3935d516a
legacy/skycoin-production-2026-09/client/src/pages/TestingFramework.tsx,625,21,9ca47dd01b00e1c65524ecc4fbcfdcadf46c2ad06cebb669754a3b4a92c88d27
legacy/skycoin-production-2026-09/client/src/pages/TextInputForm.tsx,866,26,e41445c963fad82ddf786f70a93fcf759f47f33dfdb6513228f5ad6dae838656
legacy/skycoin-production-2026-09/client/src/pages/TextToSpeech.tsx,609,21,211cf8ec654da1a38599cfdb41edf5fcc6640770fa96e928eb5285e26def264e
legacy/skycoin-production-2026-09/client/src/pages/TextTools.tsx,2593,76,6c6bf444c497e9f460b4374257947b67901090ccf5857adb845bb840f2a8816d
legacy/skycoin-production-2026-09/client/src/pages/ThemeSettings.tsx,865,26,c635d30f143668e0580374473c84de405a725fdb73c5e124d9fd4fb4b01c88a0
legacy/skycoin-production-2026-09/client/src/pages/ThreadManagement.tsx,2623,76,e5844e2bfd0a86a6a20ff83cb74e5c9a2948e3031d41ab8a80c6eaf343c7a33c
legacy/skycoin-production-2026-09/client/src/pages/TicketAssignment.tsx,2614,76,f39207fa6e25164ea3b4bb1d63d161d952406688d2905b1b5f53fc11c76c82b7
legacy/skycoin-production-2026-09/client/src/pages/TicketDetail.tsx,2599,76,bfdf03924e740aa9f56bf0e5e9c4a16be248495668713fc9baf490ce8b0bdc9e
legacy/skycoin-production-2026-09/client/src/pages/TicketQueue.tsx,2600,76,47e50b4f5900d1ac47819a5320f769982fcf9e9c31d8a51256e26dfe39c7dfb3
legacy/skycoin-production-2026-09/client/src/pages/TierComparison.tsx,617,21,d1c63915a713864b016c6bdc972c55c18d13e6a3e497a693250ee41cd65f9f23
legacy/skycoin-production-2026-09/client/src/pages/TimeInputForm.tsx,866,26,461e54f9986608afe92aa67b93e5a2f29a6f7d9fff34350cd23af3a66249b54b
legacy/skycoin-production-2026-09/client/src/pages/TimePickerDialog.tsx,877,26,32f1410c0dab8f76a3f62fbdd3f8d32ce8e37c21adadb8adc33a2e6b8d43bb7c
legacy/skycoin-production-2026-09/client/src/pages/TimeTracking.tsx,2620,76,c1287b28cc07ebae6f3739ee39eaa5deb07d2c6939af391d7e67d4996a63da2f
legacy/skycoin-production-2026-09/client/src/pages/TimelineView.tsx,861,26,a2dd05d403d25d620be4a72ae8565a1322f9b79de4f7f0dd334ebcea531efde4
legacy/skycoin-production-2026-09/client/src/pages/TimeoutError.tsx,866,26,b22ec5160f756321fe32d68ccec436ec8812ad1a679f8b88d3db795b8d1b642e
legacy/skycoin-production-2026-09/client/src/pages/TipJar.tsx,15554,315,c870365d9fe69b99eaf0cbde08ee143557e6e1ba91223b0bbbef60f51a668352
legacy/skycoin-production-2026-09/client/src/pages/ToastNotifications.tsx,885,26,19e20e1748398cd16ea5da36edc65ade0799f54fe7ae97f6f666922899610e22
legacy/skycoin-production-2026-09/client/src/pages/TodoList.tsx,2585,76,0da6b2abea849f826a7de0e99bfcb0f89569d77dc9602568eae6ea20849ad3f7
legacy/skycoin-production-2026-09/client/src/pages/ToggleSwitchForm.tsx,878,26,6945a106a01b2c545fc20db7aca813ffc8a4bf6e301439c015af9c1d8c03b803
legacy/skycoin-production-2026-09/client/src/pages/TokenDashboard.tsx,8893,170,e9efb4b253a5233afcd4c6e0bdc5a8e51ce5856dfcaccbe25f7a9ade145f15da
legacy/skycoin-production-2026-09/client/src/pages/TokenGovernance.tsx,7446,149,111fe63ba81d2f9550c8f1b80c621cbfd45e3bfcb0fb8c397a09e14ee6cfadd2
legacy/skycoin-production-2026-09/client/src/pages/TokenInformation.tsx,625,21,e252d7126ed76b1f12635ce06a1a2bb97bae139dce6e2e8a5392f18d3985143c
legacy/skycoin-production-2026-09/client/src/pages/TokenMetrics.tsx,3933,90,ff05707102b00e6831bcfbf599902d90f1827fd2d458b41f06bb74562f25a3b9
legacy/skycoin-production-2026-09/client/src/pages/TokenomicsCalculator.tsx,2546,75,c150f33e745afeb1f74a13dc2e5daf06772c056af919efd3d807207a26b447a1
legacy/skycoin-production-2026-09/client/src/pages/TorBridge.tsx,11005,197,15ec6b437a2afd0bdc09a5d2c1491a78ad8fda849d25f3115ca066c3f4a60e88
legacy/skycoin-production-2026-09/client/src/pages/TournamentBracket.tsx,5471,114,ce4675bad961f1ccdf81569b562ae2754ab1e1d76e4e1db4e4b46b6ae47a2ca8
legacy/skycoin-production-2026-09/client/src/pages/TournamentBrackets.tsx,633,21,1018238bb52dc19b52e4118b63e5f8c27a193892f6607a2c94ca5fcf6c5e2e99
legacy/skycoin-production-2026-09/client/src/pages/Tournaments.tsx,2603,76,92d7d5c7b0109de986e0dd42aec1154e18f4b492256b4a11aaa05731b904e6dc
legacy/skycoin-production-2026-09/client/src/pages/TradeHistory.tsx,2597,76,47267f97029db1829a0477671fbd3a746f8eb4e99f8ddaea2a6e8576d5bd4183
legacy/skycoin-production-2026-09/client/src/pages/Trading.tsx,3815,65,8aef37748c246e3c8fc7f3de8b64bd54fdba66ba1fdc993edc047334dd8254df
legacy/skycoin-production-2026-09/client/src/pages/TradingBots.tsx,3919,90,9ed383d7c262096e7c79150ad0dd98f747a888838d6884cb55740d566cd9b6eb
legacy/skycoin-production-2026-09/client/src/pages/TradingDashboard.tsx,10337,227,b0cb462d7a1ecefd8608ed1242e639f5810aa9c4c8cbc1b8e5705c45484fe1e5
legacy/skycoin-production-2026-09/client/src/pages/TradingHistory.tsx,3951,90,5cb92840f07ba96047eef6af5eaa6fad7db278852ef53bf930054f9253a31c60
legacy/skycoin-production-2026-09/client/src/pages/TradingTerminal.tsx,11564,258,95fb4afb8bf7e3631c7173b963b8b020a5506f93e8fb6acbb0e688cc732ad6a1
legacy/skycoin-production-2026-09/client/src/pages/TransactionExplorer.tsx,2548,75,9d3f797c4e4a7c2b9c3d06ab292dc0772079547d4a3e32869bbebe3bac52d290
legacy/skycoin-production-2026-09/client/src/pages/TransactionHistory.tsx,10988,296,c3a1a5e13a89e2e9da990c401e9280bdb23b3ca03f0b0dc36b713e9d0656c224
legacy/skycoin-production-2026-09/client/src/pages/TransactionViewer.tsx,629,21,c1a63d85bdead5f55b75e75be46a6da640350ba63f9f0d37e9ed2e1dcebf0809
legacy/skycoin-production-2026-09/client/src/pages/TranscriptionManager.tsx,2630,76,d72a263c760a2a9930fe4c7b990803115fc6f3d67f3fbd8151ff378741f6a8e5
legacy/skycoin-production-2026-09/client/src/pages/TranslationEnabledCommunity.tsx,12609,330,53e90dc0c61f6dbced70d983bdbeb9ff1d223fbe28d45366938e5fc35cb9fa9b
legacy/skycoin-production-2026-09/client/src/pages/TranslationEnabledSocialFeed.tsx,9372,260,fd7e87efe0018bdb49791752db8654a5d5dee5a7f9bc608176b0880937b9bda7
legacy/skycoin-production-2026-09/client/src/pages/TransparencyReports.tsx,637,21,281853f56731ec38f74dc40b069e1399d977a0cd778b631154331abebc7006fd
legacy/skycoin-production-2026-09/client/src/pages/TravelBlog.tsx,2596,76,bd7658a71762737dfd41d05675a7de0c56ed4eccc686a090cd258b6ab4303af5
legacy/skycoin-production-2026-09/client/src/pages/TravelBudget.tsx,2603,76,63f735b3a4905211a2341815a0a2121f6c16529e77d9782a8a387a4e71567d59
legacy/skycoin-production-2026-09/client/src/pages/TravelDocuments.tsx,2615,76,379d0f9747a5108a6c1f0ef27af05ca8b8a424c1dc7190c09a56436963f60672
legacy/skycoin-production-2026-09/client/src/pages/TravelPhotos.tsx,2601,76,298344c877f122544a8705289fb21d580e2c6019df72ed0836923070800b0f98
legacy/skycoin-production-2026-09/client/src/pages/TravelReviews.tsx,2610,76,bf08d70f36cc617d1bcf8e3727b7743812d933d4744601358daea4bfbbeee565
legacy/skycoin-production-2026-09/client/src/pages/TravelTips.tsx,2597,76,e3d551f0e8986b9b4c7df56e35fe5743150c43aed951e27cf3bbc1bb1502163a
legacy/skycoin-production-2026-09/client/src/pages/TreasuryManagement.tsx,633,21,0ced60244deed0a0bb71f2c8153ba2d0da6d803ad21b49917811b0897d488a95
legacy/skycoin-production-2026-09/client/src/pages/TrendAnalysis.tsx,2524,75,bdc105f709b522221cd9b49b3694805c6562a2928504238d58f5fe6690cf03b7
legacy/skycoin-production-2026-09/client/src/pages/Trending.tsx,3939,90,2ea8083b099b09e3820550ac25c5ae56ad6b02ea2168b4f311f3c6a495c58a13
legacy/skycoin-production-2026-09/client/src/pages/TrendingContent.tsx,3970,90,599b95576ef28486d22a9ecd927c0b15d24d8e3b00b21e488e33266f3ce5a900
legacy/skycoin-production-2026-09/client/src/pages/TrendingItems.tsx,865,26,e732ff2fd68fa3cda2d0a5f73724a926b631d06c85fd7bb864f143647e6e6fc4
legacy/skycoin-production-2026-09/client/src/pages/TrendingTopics.tsx,869,26,34529a7308d6ec12feb520b8efaa74f9e89e97f0c456db137515ff2a71bf13ce
legacy/skycoin-production-2026-09/client/src/pages/TriggersActions.tsx,2614,76,f893ebfea9afb3ae23f6249c090d4ce40f3d75a3635f84ceca220282fd85b9df
legacy/skycoin-production-2026-09/client/src/pages/TripPlanner.tsx,2599,76,a95c0f66f612953b513fa758a40bbf545a2c681c9b41e78ed74dfe217fd7930d
legacy/skycoin-production-2026-09/client/src/pages/TrumpMining.tsx,22484,404,82524ea571d5473df23049ff96953050163d0a3be1587c7b4c830a2275b4175b
legacy/skycoin-production-2026-09/client/src/pages/TrustSafetyDashboard.tsx,19025,425,7be661b1817c5c55737187e59e299057d17f25e2bb3020bc6adca3c5aeb7a4d2
legacy/skycoin-production-2026-09/client/src/pages/TrustSystem.tsx,11631,211,82f9ddaa835fa58f57e073e114120ae1498ca6981c218eb64bd7d9090e796ec4
legacy/skycoin-production-2026-09/client/src/pages/TwoFactorAuth.tsx,877,26,079aacdcb683e0e93fa84826d9deba883734ce44fb018cd5aff73ac57c6c5e75
legacy/skycoin-production-2026-09/client/src/pages/TwoFactorSetup.tsx,12057,251,7d2577c90b6485735e6c8b1b0c0431dcdea1218eee47d02c8946b00e2ec959e6
legacy/skycoin-production-2026-09/client/src/pages/TypingIndicators.tsx,625,21,5fe8a3724e9c12bce9544c1cb6938b07b3a4fa722bce48716e2647bf33ad0a3b
legacy/skycoin-production-2026-09/client/src/pages/UnhiddenInterface.tsx,12852,280,22540153d3a80c766dd3bca8d71e3ca66a38598a6bb7caec37cb41cb450a1f8b
legacy/skycoin-production-2026-09/client/src/pages/UnhiddenMode.tsx,17062,413,d1c8d99f8c22786d63fdaa46c3ed6fdb8c06348e1602ddf403364e7cee05a6be
legacy/skycoin-production-2026-09/client/src/pages/UnifiedFeed.tsx,11520,215,744f02f0a886c408274a6a35c8e86fbfe0e8ea39a5253b3f25cbdf8a3cbd2dd9
legacy/skycoin-production-2026-09/client/src/pages/UnifiedIdentity.tsx,10087,202,90ff851dfbb21e9db2cbc4675b8e84570719467e64276df8e9f2c6f211d7f3e7
legacy/skycoin-production-2026-09/client/src/pages/UnifiedMessaging.tsx,20433,540,3beff5e5461ce0380fa644fb0bd6aaedb9c5679548cca79f566d07fde8c53444
legacy/skycoin-production-2026-09/client/src/pages/UnifiedPaymentLedger.tsx,10477,210,19434e0898fad2887ecf995b97c534636a591259967b65e27a9398ff1b9e75b1
legacy/skycoin-production-2026-09/client/src/pages/UnifiedPlatformDashboard.tsx,16147,398,9fca188e1f8637f4c5b7b83411bf2bd03fec292358c7528def00e0ea7dab5c31
legacy/skycoin-production-2026-09/client/src/pages/UnifiedWallet.tsx,17101,364,e8434cec9e6e9e7444b15d75b9d393301daca48317380c5fe7127c8ea61d0560
legacy/skycoin-production-2026-09/client/src/pages/UniversalSearch.tsx,9556,160,70590096c76a0bc4c50fae74ebdc211e1866be62aa3ee3021eea451bcdc478f3
legacy/skycoin-production-2026-09/client/src/pages/UpdatedLandingPage.tsx,8316,194,1c594a3b5ab8ace3e1654031df28215f02a07c04cb6eac2786910c6d36ac0d00
legacy/skycoin-production-2026-09/client/src/pages/UpgradeDowngradePlan.tsx,894,26,ddb2d24ee524dd2334ae1dc9a7dd9f0c9443927fa892a81c51b984559f341988
legacy/skycoin-production-2026-09/client/src/pages/Upscaling.tsx,597,21,7e1bc5cf8c7d40fa8f5387cbeb3b85cc485846f15620a97a7cd87f374d8ab0a6
legacy/skycoin-production-2026-09/client/src/pages/UserActivity.tsx,3948,90,9900da8e9cc90b889beca6a56170471580987795f5eecbe434338a3e18364cca
legacy/skycoin-production-2026-09/client/src/pages/UserBehavior.tsx,2622,76,028e5bcd5aa86a7ccf39535929826d83d0341d8fc2427fd1395ac463334c76e9
legacy/skycoin-production-2026-09/client/src/pages/UserBio.tsx,841,26,d3a087f0453f8fa67581743d3d66b3bdbab3ad2f872e541c6863510e45855755
legacy/skycoin-production-2026-09/client/src/pages/UserDirectory.tsx,2618,76,458e56aaae85c3ce8a95068be0b8ec10bbecd93ece47bf5f37fd5a84d31f4d70
legacy/skycoin-production-2026-09/client/src/pages/UserDiscovery.tsx,613,21,bc1d4055d06e482d44c43733dbd4bcd3ec1737cad797373a87f57704f28a5cbd
legacy/skycoin-production-2026-09/client/src/pages/UserManagement.tsx,3941,90,6d95ba367bc599f56a4e3b492c3231df25c533a42085b6a7343608a5e6069f78
legacy/skycoin-production-2026-09/client/src/pages/UserMentions.tsx,861,26,36ee000699c4f76c175cf642bd27c1fb37e25d44054b0ccde8b85ea29b6dda9f
legacy/skycoin-production-2026-09/client/src/pages/UserOnboarding.tsx,2623,76,ed1f1d8ad98b28f3d067fc39dc3aced9edf6dbba6a7edb8bd46c0fac02fdfa3c
legacy/skycoin-production-2026-09/client/src/pages/UserPermissions.tsx,2630,76,6e2cb34b0ded524254b00f3dc7ab87a0343f57d5c9dc894ae81c5e518b2d77cc
legacy/skycoin-production-2026-09/client/src/pages/UserProfile.tsx,9752,243,f995a537d5fa36df7401f8ca77b606424b9267c3f1f564967b3a11a6057ae602
legacy/skycoin-production-2026-09/client/src/pages/UserProfiles.tsx,3928,90,a019f71eebc2793d06721f16ad5fb76141554fa7dc9e36aa8f2b9afc9354c77f
legacy/skycoin-production-2026-09/client/src/pages/UserReputation.tsx,3936,90,7ff36d64e6282b3c42dda4bdbf6e00a805348dbed51e68e4f53b79089e2c82ff
legacy/skycoin-production-2026-09/client/src/pages/UserSearch.tsx,3930,90,b2e26d954c2660eea339819cc92282c3a622cabde1bd324fbad5a06a1dca6811
legacy/skycoin-production-2026-09/client/src/pages/UserStats.tsx,854,26,283ffe1bde13ab386cc1eb1d97d1cb550c8ce8c37619b6c81d1816dec8958c39
legacy/skycoin-production-2026-09/client/src/pages/UserSuggestions.tsx,873,26,2314233c880d97f5c90116c6e2bd127fd1effa0f14374db73061baf51e635074
legacy/skycoin-production-2026-09/client/src/pages/UserTimeline.tsx,3933,90,080f8b9d09b4531bf793ec3a6e0df93f5ba5f719bf674d408d014c2dae751d4b
legacy/skycoin-production-2026-09/client/src/pages/VODArchive.tsx,14015,258,e2f32af0f65d0d5a0a3894a8a9f4c05f70304f320e0bedeb19240f654b4f0fb7
legacy/skycoin-production-2026-09/client/src/pages/ValidatorPerformance.tsx,641,21,a8b427e477fc7ac753013a399cfb1490ca70b0599547223478b969281975ffd9
legacy/skycoin-production-2026-09/client/src/pages/ValidatorSetup.tsx,617,21,e91b141412b8ccecea1872e3d0fb015f0ee736e57988e986510e5d854fcff0b6
legacy/skycoin-production-2026-09/client/src/pages/VendorAnalytics.tsx,2636,76,c7c847fd7857037d6d8af7054c6944d287bff25646c3837f8a3a4dfe6329c10f
legacy/skycoin-production-2026-09/client/src/pages/VendorDirectory.tsx,621,21,94c1863b37a0f3e08e5261cf7a4ef2c21d7e162c927c84fb59adaefc839560e3
legacy/skycoin-production-2026-09/client/src/pages/VendorOnboarding.tsx,2532,75,b4750f5bb7b0d26ff9c4a3b89ccee870c23f42cfcc510fb73be79569ccd98c0d
legacy/skycoin-production-2026-09/client/src/pages/VendorPerformance.tsx,2536,75,c39322f70db53a90f576a71a157eebecd92b6a1541329d9ec9ffa7b8f7058935
legacy/skycoin-production-2026-09/client/src/pages/VendorVerification.tsx,2544,75,373f3c0ced24bfd6aaf62707f5f125fa35f3e9acb0566bf1d0a9d47e8cbdd0f7
legacy/skycoin-production-2026-09/client/src/pages/VenueManagement.tsx,2616,76,be1203eaacd07305921a17a065af4f161a87bfe739179828f6b5bd505d36783d
legacy/skycoin-production-2026-09/client/src/pages/Verification.tsx,868,26,dec6fd4c154fa725497a988a32037d1d1962506cc059ed0b48b4efaba91bab77
legacy/skycoin-production-2026-09/client/src/pages/VerificationSteps.tsx,881,26,fe591016475f1873a100cae51ad42a71c1ac0945b961466dd1bfa1db2eaee1f4
legacy/skycoin-production-2026-09/client/src/pages/VerificationSystem.tsx,633,21,182b9086bc28ece774471be1d15d1296d15941cee88b5c55ef7c96adf4838d4f
legacy/skycoin-production-2026-09/client/src/pages/VersionManagement.tsx,2615,76,94350a697e74ebd1b6b299bc751635c16e0bdaefd7673312b3a1e2c8428d6c28
legacy/skycoin-production-2026-09/client/src/pages/VestingSchedule.tsx,14022,278,976cb69d297ef4ec785e5e33f68d12706e027c4b4523534e55f7079008feb820
legacy/skycoin-production-2026-09/client/src/pages/VideoArea.tsx,20455,314,0ff3331cebb293ee20dce991d3a4c70cac3de76bbdd1c3fd040e2dff8f1edd48
legacy/skycoin-production-2026-09/client/src/pages/VideoCall.tsx,597,21,67b3dbd229ad7a7d99426f4249d65fc1bcbddca0b78aa2c3b0322ea33f9a35e5
legacy/skycoin-production-2026-09/client/src/pages/VideoChat.tsx,19575,540,58d9b8abf74e6ee02edcd873c563e1c7a56aa29da8e24970d62414184660ec9b
legacy/skycoin-production-2026-09/client/src/pages/VideoEditor.tsx,3924,90,f831adb2ace80ed1c40f322c29de59055efbe295908ffe68ac2df64d2d4311a7
legacy/skycoin-production-2026-09/client/src/pages/VideoPlayer.tsx,857,26,c0b6bf82ae31c0d1cbde269305da6d7d70899e2e2ddab06eabf1572e0252566d
legacy/skycoin-production-2026-09/client/src/pages/VideoTools.tsx,2594,76,6f369c252ddd80975033cb77b0018d3887bc91a7c93fd5d5ae4f4fbcdc3a9573
legacy/skycoin-production-2026-09/client/src/pages/VideoTutorials.tsx,869,26,601a6b4050a9283634aeb1419f6a78e7ef2a7dcfc9e54515f69cc5eef11f7111
legacy/skycoin-production-2026-09/client/src/pages/VideoUpload.tsx,3934,90,847fac9496b65851de0710155504345604e9dd26f487e0907019b13e61f6126f
legacy/skycoin-production-2026-09/client/src/pages/VideoUploader.tsx,2618,76,a4c3a238bb89bd7785f7bc152fd3091e90d924a2942b779833b42b8efc665f3c
legacy/skycoin-production-2026-09/client/src/pages/ViewerMetrics.tsx,3927,90,ccb2470f94157980f1d28ccdb300e19629a0279d091b7c1aebcb2d3e88338b44
legacy/skycoin-production-2026-09/client/src/pages/VirtualTour.tsx,2602,76,aacefc09598df8a9bc70af6068396873ac673bc1a976a769892eb6fa3cd83693
legacy/skycoin-production-2026-09/client/src/pages/VoiceCloning.tsx,609,21,9c82f3f07a0625652d088f2b8be60306c0a78fcfa9f9fd0e1c12ee6ce6ac9566
legacy/skycoin-production-2026-09/client/src/pages/VoiceCommands.tsx,6686,152,70ffad0f8122d9ea3aee9b34d5c0f8c01fb750b7a60eae76c9ef2890107bbe27
legacy/skycoin-production-2026-09/client/src/pages/VoiceCommandsRegistry.tsx,27462,529,045df6ad534b7d72b3ab76b9f29f45c9afece5f37211c3ba8bb20540432fb606
legacy/skycoin-production-2026-09/client/src/pages/VoiceMessages.tsx,613,21,61e8c5d13c3ea70408deb9754a97287ef2c48b9d78731127e8783a7ba047ec31
legacy/skycoin-production-2026-09/client/src/pages/WalkthroughPage.tsx,4772,112,fc8a122d55104f923358578224507de680c5ff8a4719d61aed53140cfd850426
legacy/skycoin-production-2026-09/client/src/pages/Wallet.tsx,23471,446,c042eb929e1481729066edfb6dd35a22a8c965dcd2d0cceb3c07d7734bab2f54
legacy/skycoin-production-2026-09/client/src/pages/WalletConnect.tsx,2527,75,a8df243447a1a84613834412f7229462ec885ead67ccc4858908ccc8aeebc6a1
legacy/skycoin-production-2026-09/client/src/pages/WalletIntegration.tsx,629,21,b58731b0d461e8b84e4ca73fa7f2f6c5fd61baad5253a87361d80f4290f8cd6c
legacy/skycoin-production-2026-09/client/src/pages/WalletOverview.tsx,869,26,87f09fb89bcec8831c134d6aa826b24c46638e71108d1e4cbb6dd0d42b10eea2
legacy/skycoin-production-2026-09/client/src/pages/WarningDialog.tsx,864,26,43dddaaf4efe61c8c2cc4caeea1cb4367a271fe2f67772283ac1ca0c9dd2d4a0
legacy/skycoin-production-2026-09/client/src/pages/WatchEarn.tsx,23170,419,f9757d6bfeaed8cf3529b8d95cdb3510820c4c7e5250c0337c2622e5c07d5de4
legacy/skycoin-production-2026-09/client/src/pages/WatchList.tsx,2594,76,234f70f5c378362a528f03af6fa8c4b330b1816139b319726ed9691fc8e19eb1
legacy/skycoin-production-2026-09/client/src/pages/WealthSimulator.tsx,3935,90,445680a14fbee0b02506aaeaa2030e3b5414a39b4f06a1946b5b304c6a64ecae
legacy/skycoin-production-2026-09/client/src/pages/Web3Auth.tsx,2514,75,b5a8a3556ebfc3d2cfbdbea62c2b149bfa823cf1db10a57ea7aa5db457ca4603
legacy/skycoin-production-2026-09/client/src/pages/WebhookManagement.tsx,3963,90,ccfe181a949b260177374d0501ceb2b6ae550840ebe239ca023162cb6436db77
legacy/skycoin-production-2026-09/client/src/pages/WebhookManager.tsx,2534,75,6c7f2434d594f3641af4ffaa2bf001626400bf6c9f7402f067f60e6a4c1d1800
legacy/skycoin-production-2026-09/client/src/pages/Webhooks.tsx,858,26,b48b99290c488be065ec569e3e77f9f56a0db4b74c4c31eff0a45ce7c211fd6c
legacy/skycoin-production-2026-09/client/src/pages/WelcomeScreen.tsx,865,26,9a4e9d3b2ed831eada7573e234121a6c6db9f0d34d5b37983a0c4b541646e188
legacy/skycoin-production-2026-09/client/src/pages/WhaleMonitor.tsx,8735,185,84113e97ee22cfa8cbf48b7554941c72cbb98b99bb1c854ae3ba05a4cddc2852
legacy/skycoin-production-2026-09/client/src/pages/WhitelistManagement.tsx,637,21,2442b9489f593ab8bd4c7b8024b73851e5411636859a95c6cd10d42fde513692
legacy/skycoin-production-2026-09/client/src/pages/WishlistManagement.tsx,2636,76,f6dd877b05bbb6b0f606c0c5de81510ae3a4f3a38d2f5b079a7749901f6c51eb
legacy/skycoin-production-2026-09/client/src/pages/WorkflowAutomation.tsx,633,21,b5a7c10ec709b02c298dbf1f9965214d835d595e1adc0ac4cec73ca3c64b6076
legacy/skycoin-production-2026-09/client/src/pages/WorkflowBuilder.tsx,2620,76,cfcef6cca0c808c53c06c4c1b5043e68ef9c70afd5ae6a5b9838cd7bdacd9e48
legacy/skycoin-production-2026-09/client/src/pages/WorldBrain.tsx,19354,468,da36a0ec59388bfc3f2f1e78215d68f4d6e7fa89bd658e20bd6c3c00ff2fd7ca
legacy/skycoin-production-2026-09/client/src/pages/WorldSimulationControl.tsx,17003,346,de79e3fa85de49a8c7d4198b70b8d79a497802cd16c314f00b541e320bf7706d
legacy/skycoin-production-2026-09/client/src/pages/YieldFarming.tsx,3938,90,a5726f73c378663ec9747e9b8e2dd07a216c8b330f01cdd5fc949a71906f1622
legacy/skycoin-production-2026-09/client/src/pages/ZapierIntegration.tsx,2539,75,d39882c6ea695e993dfa20fdc21b3255b605fc8dffa6a0b998d69bcbd059a60c
legacy/skycoin-production-2026-09/client/src/pages/ZeroKnowledgeProof.tsx,4514,85,aba0ef23392db3a7e0a70b85c221f1b359ee42614e16679cc314ede133be26e8
legacy/skycoin-production-2026-09/client/src/pages/mission-control/MarketplaceSection.tsx,8365,151,625dd2cfa8be545b4364f49b9719a870a1b1a4f7d70ae8f61d0f32a50b66c4cc
legacy/skycoin-production-2026-09/client/src/pages/mission-control/MissionsSection.tsx,5355,111,cb5c201fa3f4acd2c88ba8c65b6bd7fcbe42421fae5e8affb148e803125085c8
legacy/skycoin-production-2026-09/client/src/pages/mission-control/OpportunitiesSection.tsx,5186,87,71354167ae314f1f64424a920caa33200e0618e57ccf5272beace9b104c7db9b
legacy/skycoin-production-2026-09/client/src/pages/mission-control/ReputationSection.tsx,4167,80,f166a17e452e7df7f207c960b37c693d49945a1dac208b6bd6778289e5510afe
legacy/skycoin-production-2026-09/client/src/pages/mission-control/StartupSection.tsx,6723,133,f8ea849f1782b0b1db405029222d4d013db06d08b30fcae543e11bcff9fc2909
legacy/skycoin-production-2026-09/client/src/pages/mission-control/TodaySection.tsx,8294,159,81af5826e8ce55528c3046a44038ed3915983b2d953cf6fb69b7af46fb0f3237
legacy/skycoin-production-2026-09/client/src/pages/mission-control/shared.tsx,1617,44,5444db5d4f7e7c26994a996b4326d9ce685d4ced18c0a6bbb23012ce63e72b5e
legacy/skycoin-production-2026-09/client/src/pages/phase20/Phase20Hub.tsx,4533,100,3351c31bf6148abf35c95d25b81b5c0c20b70dc3820dc6c488a496e99e83f15b
legacy/skycoin-production-2026-09/client/src/pages/wave2/AiCore.tsx,12810,355,cf9765a669bdca4d32518dc501213215ee2c45e7e43eca1a45028851d1d7734e
legacy/skycoin-production-2026-09/client/src/pages/wave2/Marketplace.tsx,10952,308,35432e600073393ec12addca2a8de242b1e3c70444ba97718b5b7f9277e8dba8
legacy/skycoin-production-2026-09/client/src/pages/wave2/Notifications.tsx,7328,212,58a2072511473e4a9b85dfa1891c7fe12db1311d279315aaf577e2254ef11a06
legacy/skycoin-production-2026-09/client/src/pages/wave2/Profile.tsx,12519,350,295006371a268ed2f888108569d137cd1f936c5d5337d3d105e39f3483c676e5
legacy/skycoin-production-2026-09/client/src/pages/wave3/Analytics.tsx,11183,287,d4f714bc8c7266648eb446d60e4a3023cc2e9c9c75f17ac129b03819e4af0a15
legacy/skycoin-production-2026-09/client/src/pages/wave3/Gaming.tsx,8399,213,616d7dc4e720f51b8c4ff48497a8ecbcc3c19d994a0d328c6973a9519d125f2c
legacy/skycoin-production-2026-09/client/src/pages/wave3/Governance.tsx,9272,243,fb5ab1a8d95f665131651f32019bd3a749ce9f03672519d3de177b825873bc60
legacy/skycoin-production-2026-09/client/src/pages/wave3/Learning.tsx,8627,233,479802c85bc463dab1380994febb8e501af322720f70a6bfc0454d6a369a9c86
legacy/skycoin-production-2026-09/client/src/pages/wave4/Admin.tsx,6678,193,525f5101f3314f22d7462d740adb01466166efd75f7431d6cb9e5ebade4cf81a
legacy/skycoin-production-2026-09/client/src/pages/wave4/CreatorStudio.tsx,7513,209,06b6ac35e51178140d87ecf73f9ba1742bb8b27d2a3d1e9a8c67b1db5db6aa33
legacy/skycoin-production-2026-09/client/src/pages/wave4/Explore.tsx,8218,194,cb60d4ceda8d1da9cfb7a71259cb00702a6cb6657c94d625388d2f2f524207c7
legacy/skycoin-production-2026-09/client/src/pages/wave4/Payments.tsx,7600,193,11143b9a03799eb5e262adcdd7f2809fdec20769253c6565148000ae1b129619
legacy/skycoin-production-2026-09/client/src/pages/wave4/Security.tsx,6807,180,7ee970ad5ed52b0d7a72c8a06df51a1eddf1c6b00f65b86609a7f6ec7395e762
legacy/skycoin-production-2026-09/client/src/pages/wave4/Settings.tsx,7924,218,792d330b39a2ce60c1e9d65a045326822f3f4a746bf3f9e8981db168e1d210e4
legacy/skycoin-production-2026-09/client/src/shared/state/appStore.ts,2931,107,4e841e27e3eb742f94add07a04af93891a3f898dc8c0f9d65d93b1d7cf67a7e7
legacy/skycoin-production-2026-09/client/src/shells/os/OSShell.tsx,941,29,c8dd49bea20798102abf2a25c0437bb7daf509d015ee884dd9e3418f5ba6f8aa
legacy/skycoin-production-2026-09/client/src/shells/os/QuickLaunchBar.tsx,8443,243,a7a6849228f40bc5297b33f9b46f9c98fee7918b65f9627bd9b1308082699f90
legacy/skycoin-production-2026-09/client/src/shells/os/TopCommandBar.tsx,38282,746,37743eea55999b8e82a0adb279f160557ee4fde4eb9a0b3687f991e1b753c7b9
legacy/skycoin-production-2026-09/client/src/shells/os/modes/DiscoverMode.tsx,17526,327,80b97f1afe6073e7798f529d95f6d4b570777c50c0e73b62a0acfb23cbe88a42
legacy/skycoin-production-2026-09/client/src/shells/os/modes/ExecuteMode.tsx,10900,280,46b315661a28650812fa4c0773f835a729632c9c1c8bf02a2573fa7b5e1ff13f
legacy/skycoin-production-2026-09/client/src/shells/os/modes/IdentityMode.tsx,7770,157,cc684f2a49611a4d47210bad0f5fb358cb5d64e2baade4932f2576c52d3eae93
legacy/skycoin-production-2026-09/client/src/styles/dark-luxury-x44.css,11301,513,46b22c8ae5f57507e1cb44eded762e632c30b3e908d06b0baaa512b95343fe62
legacy/skycoin-production-2026-09/client/src/styles/designSystem.ts,6255,264,2913283fa84cf49f023bce472f7dc6674b829eaf4f32d0579dc05667ebc56eb5
legacy/skycoin-production-2026-09/client/src/systems/ux-enhancement.ts,8176,366,4b65ac43b31d590ca43de9912da91d3791f9d01ea37ba15ff723d7d23567c078
legacy/skycoin-production-2026-09/client/src/universe/AppShell.tsx,1871,67,e9f21eee64615da021f1c9fd1ac708943ad31359175879f48e105be556eb4392
legacy/skycoin-production-2026-09/client/src/universe/EventContext.tsx,4873,155,e77ec974a5da43f0a15e40d6bf5323c62f5429315965da13faca74b5f285a5e3
legacy/skycoin-production-2026-09/client/src/universe/WorldContext.tsx,2010,72,e1a71d3aef20f499148b678286a22245e255bc933371a49a4b0ac5fe5687f435
legacy/skycoin-production-2026-09/client/src/universe/index.ts,4463,83,6166f6181d56825a226716bdd3a66cec4b020eeefcce8267c71004a627751e90
legacy/skycoin-production-2026-09/components.json,388,,8be0e54515838be398164884e96319b52bcfcbd52b2e63171d51df4131cfcb03
legacy/skycoin-production-2026-09/deploy/docker-compose.yml,2745,,8a2d0171bc496b909e545970d0d3bce2578acc29775408095d52418643de3cc8
legacy/skycoin-production-2026-09/design_document.md,3194,,e1b1857f8121f7b5597185a4e83c6e24c37033fa165b6b5bbc4ab27069af49ab
legacy/skycoin-production-2026-09/docs/family/FAMILY_LEGACY.md,1324,,eb33217290c9b0a78bd3bad128d5933ab6aea7cbc9a3f6ae7217aa42a194a735
legacy/skycoin-production-2026-09/drizzle/0000_careful_vertigo.sql,14581,418,e1e9110eaa0f5a0a1255d06bf824ef68a396106ea64aa1d7a76ce769b12f8a86
legacy/skycoin-production-2026-09/drizzle/0000_eager_wallow.sql,22196,456,a7826921381c61e74783d7cb730313afbafdd8e29fca38efe8b930067eaf9e8d
legacy/skycoin-production-2026-09/drizzle/0000_massive_lifeguard.sql,18037,523,418b55f8f106c3ebd65bb76cda4f5faf8b2c86b9857eb6d852fe2f51e5a4beac
legacy/skycoin-production-2026-09/drizzle/0000_melted_dexter_bennett.sql,483,14,814a08e40d7fc2bcfd458759d18319198ca8ae394f2fa15617a78678e9c9c93b
legacy/skycoin-production-2026-09/drizzle/0001_old_carlie_cooper.sql,8252,263,6e90bc8c64c88a057a510c95bcc009fe9e3bed31c022428f64e336c7b91aba97
legacy/skycoin-production-2026-09/drizzle/0001_open_shadow_king.sql,4876,40,2aa9c58846725d88d203cd2ab751077c3269d39a0e309bb3272ec4ed5b0d1ed9
legacy/skycoin-production-2026-09/drizzle/0002_nappy_true_believers.sql,1822,53,2e1ed8ea85fad33f44f6c781741e4d96b8a98c3bfec3c6b93e0515e221e15b66
legacy/skycoin-production-2026-09/drizzle/0002_shiny_mother_askani.sql,4376,38,5a611be6f067cfcda2ab1fcda6151594e5ff90e94f2637d84428ceb015e13595
legacy/skycoin-production-2026-09/drizzle/0003_mysterious_harpoon.sql,338,5,49b73e3a59bcfdef06ac616891660af656c2b8935ec24eb6ed120edac6e71a5f
legacy/skycoin-production-2026-09/drizzle/0004_talented_white_queen.sql,359,4,88307956b54181726d7f3ad0e0c58ba153ebf09b92c6b73b0bd53d8c08bf2d86
legacy/skycoin-production-2026-09/drizzle/0005_graceful_hardball.sql,3293,96,422b53521dc7ebf0a3d0dff07cf69bdf74fa419ee4cf8bc6577d14ba4b49f092
legacy/skycoin-production-2026-09/drizzle/0006_left_yellowjacket.sql,7258,204,74a2a64d23e001ca8d579f53f2681d1010445ea4e19697e3ef2fc137cbe7bc78
legacy/skycoin-production-2026-09/drizzle/0007_wakeful_whizzer.sql,53,1,b3cc75fa802f8a5b333c480eb0d77f3d2185602e108f36fb33d3ade3c6939413
legacy/skycoin-production-2026-09/drizzle/create_tables.sql,12755,409,41934011e4207a469c65c33945af2953737941ddd791d1b00782fd073c94522d
legacy/skycoin-production-2026-09/drizzle/create_tables_only.sql,1191,39,4726061197a28fc679dc3c9c2ba2a7440fec83f45c6ea2f30e46b96f5fef9692
legacy/skycoin-production-2026-09/drizzle/dating-schema.ts,7327,219,514714b714fc3d5e0344cdf3abfd275693533821dc092698993bab22ac2728e0
legacy/skycoin-production-2026-09/drizzle/index.ts,112,4,5d426d865f843a84f98402e3b323ce61e3b9283f6551095843ddc616d1a18c4e
legacy/skycoin-production-2026-09/drizzle/manual/intelligence_layer.sql,4738,136,8417d06da77efc97bfa8509aeb34bab8fd0962f0544a23bcf6c081ea11bc6e39
legacy/skycoin-production-2026-09/drizzle/migrations/0001_dating_system.sql,5379,148,e165dd751548cb46fc02532ae9201eeaa1e32d9b9b8309ac39c5ccf4cc9193e4
legacy/skycoin-production-2026-09/drizzle/relations.ts,27,2,85acb8ece8fbb5031fc56fa8c70338d9b8b06ef3b032391fff8532c6373c7186
legacy/skycoin-production-2026-09/drizzle/schema-extended.ts,33711,716,a177eadd48aa4b6b0dd2313a7113580de70d132795965de2b920bfbb5597debc
legacy/skycoin-production-2026-09/drizzle/schema-photos.sql,625,17,ca8a73034b657f12d45b6b9f91318b49aff644267fb81883c2defc3c9f86df8b
legacy/skycoin-production-2026-09/drizzle/schema.ts,19733,412,0ce443e3c11334e5437cf79568d29690d96d973cf882874b9f2188fd8e5dc2fc
legacy/skycoin-production-2026-09/drizzle.config.ts,264,11,0c5f2af23e53c6b655635c769130b30d5cfce70852693ff3206993e6c542257a
legacy/skycoin-production-2026-09/educational_content_library.json,2675,,691616c30742649da943645bb2bffb2d3597e2ef43916b620988a7f439889c65
legacy/skycoin-production-2026-09/generate-100-pages.mjs,13326,268,df03e65b87b27c770b4d63d44363985fe08a24f29656146011b2060a9e38f39a
legacy/skycoin-production-2026-09/generate-444-pages.mjs,8057,175,88afab2385da40222d4b3aadfc6b09ec72b8eb5843e3730c463813e5b5b0658a
legacy/skycoin-production-2026-09/package.json,5671,,e0e2fadb2528c38573c784be415ec037d1acfabf089f83839a52ae32b5fc81da
legacy/skycoin-production-2026-09/pnpm-lock.yaml,323942,,0704b9b81386d34932b728c0519c67ced725a7043aa50454ec1501398b8c02fb
legacy/skycoin-production-2026-09/pnpm-workspace.yaml,260,,f2dd3e67ac439788ddabf3fbe26d3f02dae3a7f0595dc4ea71b52e156c949649
legacy/skycoin-production-2026-09/public/locales/en/translation.json,1943,,8368c7b11a7bd51cac8b630b63ffddfaba9303cd0b2cddf0a2f80bbe49caceed
legacy/skycoin-production-2026-09/references/data-api.md,243,,4edcd8240d444f98475eb553a920f00e0cdd03a3cbdd7b59cc4a2eb1af5ad84c
legacy/skycoin-production-2026-09/references/file-storage.md,1303,,3cf0bb101d9f77d8ff93f620d704d7a1e7c2bf3696227d8bddf9df00efb24f88
legacy/skycoin-production-2026-09/references/image-generation.md,1496,,0520adeafa1952374f39fb0306cf776bc251f7ca9fdce5e855d248fa8de80428
legacy/skycoin-production-2026-09/references/llm-integration.md,4593,,73b06f97f93e312d8bac4733ed92975a359ce2fd7006d5a70caab0bff36455d1
legacy/skycoin-production-2026-09/references/manus-oauth.md,6459,,caac29d8c1546ad30c770477dedbd02580738c7b7bafd15cfbfaa0db8fc2f7ae
legacy/skycoin-production-2026-09/references/maps-integration.md,1040,,3f7e243345ca7605bb0c2a1ef688f031c49cc79a765d40bf7446f362e752ac6e
legacy/skycoin-production-2026-09/references/owner-notifications.md,826,,931550c383cd32109ec3788c4194b8077b794e0968353e312b09337bea20f452
legacy/skycoin-production-2026-09/references/periodic-updates.md,12206,,c7b8c3a979de6380e7541bf6559fac3eed870585b31bf7341c33be163c9ba899
legacy/skycoin-production-2026-09/references/voice-transcription.md,973,,dc3937659877621bfadf6af2a6fbb9c772923787f2d14c3c3dfaabd4a80e5337
legacy/skycoin-production-2026-09/research/crypto-mining-research.md,6119,,31411f4fba2af705ea893174df44449155b28361bb11a572462361e6042290f7
legacy/skycoin-production-2026-09/scripts/daily-quality-check.sh,6779,211,2af78ea20f37b955f1ab6bfd3348a5178e3e1bbc6e1029a330983d8d2b7d3435
legacy/skycoin-production-2026-09/seed-quality-data.mjs,8929,248,52078f1f134c3f66eb5f5defb40b33e43d412eab69daa14b108b7b2ff45228f8
legacy/skycoin-production-2026-09/server/_core/context.ts,658,29,a43ea9ca8624270a83857d61a7154f17c48bb2c19126d1ee037a37345f6bda86
legacy/skycoin-production-2026-09/server/_core/cookies.ts,1299,49,8b9f416d2d3ea74b3c26cb6855d9019ad7cc4403e103a150502179874c568373
legacy/skycoin-production-2026-09/server/_core/dataApi.ts,1899,65,194ef8e309abde283a1132aa383af10ae583e27e983afa30dfcece3aa9ce27a7
legacy/skycoin-production-2026-09/server/_core/email.ts,1818,55,4b225fa5ab4e23256417b58d582ed3ebc7f8ee093db670ccd6098af2afd88e95
legacy/skycoin-production-2026-09/server/_core/env.ts,428,11,15356c6c79afa61c60b20e126691853d07b51c48b9e57f205b7ce63dd02d622b
legacy/skycoin-production-2026-09/server/_core/heartbeat.ts,6751,214,48f6803e85d6bf85bcfc07c9bce6181405a7568c9fef8bdb0ba9119dcc50ba31
legacy/skycoin-production-2026-09/server/_core/imageGeneration.ts,2271,93,ded064bba9a74a5463c6888b4b865302b3eabdbe484f13358c9508d140ed7004
legacy/skycoin-production-2026-09/server/_core/index.ts,12715,266,0397448cac1ef1b7cd272dd57990ae4525abcaa3eb5a773e2e2df463fe31c5ee
legacy/skycoin-production-2026-09/server/_core/llm.ts,10620,450,ec1c365b5aa1e4d97970a573152fa0a48ac70e6eab6b6e91f460c20def5b200c
legacy/skycoin-production-2026-09/server/_core/map.ts,9151,320,c04f24ee38ef6840d56053f3464091d164a6236fc36e37672d555a684461ab7e
legacy/skycoin-production-2026-09/server/_core/notification.ts,2939,110,8a43e728069170dff29fd58407c7096116d57aeeba567a889e48d04d84d1d59c
legacy/skycoin-production-2026-09/server/_core/oauth.ts,2021,62,0c7772fb7feda4886ddef28f95a4168027246a2648e1ca3911184401ef1104ce
legacy/skycoin-production-2026-09/server/_core/sdk.ts,2049,81,6fe0d5bb51cee4b6fce04c821f2d40ad4af28d5a653801ed30e4397f597c5187
legacy/skycoin-production-2026-09/server/_core/storageProxy.ts,1251,47,200e2c27da25d008cc6cdcf1328b36445296ead7ca9f6eacd8f40cb63909f15d
legacy/skycoin-production-2026-09/server/_core/systemRouter.ts,709,30,61bb2c904da1fa08a425f8882aa3b23003bba7266ce00b2d9fcd685e5d4bffaf
legacy/skycoin-production-2026-09/server/_core/trpc.ts,1033,46,95679492e0478938f9bab6e3388ba6a95d3ab3329e6ff2eb9686e638cd07d98e
legacy/skycoin-production-2026-09/server/_core/types/cookie.d.ts,137,7,c2ed733d67b16ae4621164dbce09e99de0233b4a0ed05227bc35096822173c05
legacy/skycoin-production-2026-09/server/_core/types/manusTypes.ts,1406,72,d073995b792a4376177bf7270cbcf3a670d4e72efb8eb6a83ecb55043cc729c3
legacy/skycoin-production-2026-09/server/_core/vite.ts,1814,65,ffd19c458a5403987bf78ef919a3197a23024774af7d9eeee8d2c57f18ebd015
legacy/skycoin-production-2026-09/server/_core/voiceTranscription.ts,8030,285,7ffb83ece73fce30f1fb0829cdda6971a67e25b1d1a452123460eb37eee8cf6e
legacy/skycoin-production-2026-09/server/ad-network-engine.ts,25359,700,a656c0971f40323711ebde915c481bec738cb7070f092728cd82484298aba520
legacy/skycoin-production-2026-09/server/adaptive-roadmap-engine.ts,8695,296,67b1f679418d1a4a43b980e66e02cc477833f23dc469b082798fbac17be45460
legacy/skycoin-production-2026-09/server/admin-notifications.ts,11760,486,db4310ccbe9e55836a9caed60333e05f1350065241f816d2435d81504dffbf31
legacy/skycoin-production-2026-09/server/advanced-ai-features-x44-engine.ts,8085,341,d7aeeb603a98a11a40d33bf3374c687eb31dbd79c961ad047254e5496b1b1817
legacy/skycoin-production-2026-09/server/advanced-ai-orchestrator.ts,7674,219,632bd00d99ec25f36aadca5649656e7c92eb2ce0ec818bb24db15fa97552124e
legacy/skycoin-production-2026-09/server/advanced-mining-engine.ts,16827,588,b3ea176531b99b222ba1f9e8778c5dd114a21dc7f326bc2be0313e821a76179e
legacy/skycoin-production-2026-09/server/advanced-reasoning-engine.ts,9497,335,c42248ee1ac2beabfbc45bb4f65550b79335a4c927caf199a8f4ed93c3dde81e
legacy/skycoin-production-2026-09/server/ai-agents-extended.ts,47266,886,1d84adb42267a50f0b7bf84c0f40ba0d6c931726fc930cf2df0f1d88fd16cc43
legacy/skycoin-production-2026-09/server/ai-agents-system.ts,18617,112,04bfa1a981f67414dedd584cc318e4419ebf215b92eb5fa1aa17b3f6d1efd887
legacy/skycoin-production-2026-09/server/ai-brain-advanced.ts,6076,185,87d53a568e43ad3071bf29f7d7a8ff5a6f443506e8bf884f94f707079d924e08
legacy/skycoin-production-2026-09/server/ai-coder.ts,12611,446,5e815c9e9bcf4ded126e98c9b3c62475209063206836269cc085f10fe528d732
legacy/skycoin-production-2026-09/server/ai-core.ts,37458,967,0dfd271403923f322e8b2aabfa784d560d433ebbc30e8c65630c9a64c6ee3ee0
legacy/skycoin-production-2026-09/server/ai-engineer-engine.ts,25336,576,8aa06506a06ebc5a2f54104f10ef4272289a67134b9d3230b95decfb50121606
legacy/skycoin-production-2026-09/server/ai-enhanced-router.ts,9126,322,a61560c8215d1a5512df3cd9bf090f182d1ca6f08ff4119632d8092802090e7b
legacy/skycoin-production-2026-09/server/ai-insights-generator.ts,11681,345,2ec5e96fb437b82a17d93f9998bb8509552e9026cf79eef6f0ac8b494eaee2e4
legacy/skycoin-production-2026-09/server/ai-intelligence-engine.ts,17968,502,8024eefc852c0323bb3cae94d67a88df49e025fe030d4cbf4e88b001376ddd6f
legacy/skycoin-production-2026-09/server/ai-market-router.ts,5886,134,935b36fdf2fae243a4ef8cfe3f19ba7a39e0d897434baeb7fc7f0bfc1e78f633
legacy/skycoin-production-2026-09/server/ai-mining-engine.ts,6617,235,2fe8f8b5b5e8fbb1c0d3541cb95155723d96882dac274d423cda01f4688297da
legacy/skycoin-production-2026-09/server/ai-mining-optimizer.ts,7053,236,7af94a238a35eba2a2fb6ba237cd67f9d03ae76ddb5072891baa71c29cf9cd46
legacy/skycoin-production-2026-09/server/ai-personalization-x44-engine.ts,6729,236,db50fdbbf5e0de16c47f1e555c29960b40b54860e8306bbbbd63d20204d969ef
legacy/skycoin-production-2026-09/server/ai-powered-search.ts,7060,259,0b44503a832988a06eb13a25035044c2d12512508e88e87f2a452493a8f8d753
legacy/skycoin-production-2026-09/server/ai-production.ts,30932,866,5922824c751e252b29bb0e8497a2bc7bf5789cd3a66e5b3b3239eaa4adca174b
legacy/skycoin-production-2026-09/server/ai-self-upgrade.ts,7708,268,a300f2ae8e9b429ac580fa4983d61f97b8275376d95c32396441e54c21b30f2c
legacy/skycoin-production-2026-09/server/ai-tokenomics.ts,6434,294,65bab406fb02f6a4001187225f43ab20b978b42b1da9b48bc4333b4940e0e166
legacy/skycoin-production-2026-09/server/ai-trading-bot.ts,6387,235,90ed31d4fe3508780807a4a43712f383be7c8743067abe4feb1c90701016656b
legacy/skycoin-production-2026-09/server/ai-upgrades-batch1.ts,6800,211,10cdf225297d6edba49e11565e80439cc28248649b9e7f6f699b64be5d00d1b5
legacy/skycoin-production-2026-09/server/ai.ts,12117,325,600d4182d5f25726c3ca2e8adc40e4da24ad11fe9cba629c285e236d0775abd4
legacy/skycoin-production-2026-09/server/aiMarketEngine.ts,14484,337,f0826489aa4be392d355929acb8698b5cc7952b29a628d06900297e8f9bcb913
legacy/skycoin-production-2026-09/server/algorithm-engine.ts,23661,692,13250f5ca61649cf4bbebc28dc89f6b9885409840532ed7bd2a6c5242e3f1b86
legacy/skycoin-production-2026-09/server/algorithm-router.ts,7897,235,c00f94406b0e33e825cb1c527a30e6ff1f7d83ced824ab739dd821f3ebf583a3
legacy/skycoin-production-2026-09/server/analytics-engine.ts,25783,645,d1476a38fd57f14911fbcb3ce588cdd83438605086db918a1ec195c652609581
legacy/skycoin-production-2026-09/server/analytics-intelligence-upgrades.ts,3702,109,dfd6615574eb1a3e3d4bb81d3814d9f67f7cb21d292f15372edc54c230d18660
legacy/skycoin-production-2026-09/server/anomaly-detection-engine.ts,9805,346,b5bc54d316b83e0aa4153ec221865aea1591be693cf932e112fc7af3b571a974
legacy/skycoin-production-2026-09/server/api-versioning.ts,12739,491,835a50d48ab974e29c6f23fe1c8bcc59af5cea20a709ec20ceb1244ea5848c38
legacy/skycoin-production-2026-09/server/atlas-smart-contracts-engine.ts,31047,818,2993e571a767c0fa2712ab3238cc71d754dd4b21a8b73ad50ed1fc46f910b265
legacy/skycoin-production-2026-09/server/audience-lockin-engine.ts,30558,681,53aa8c124be9b4d19393ff023a876909bce12a8ec2e5c1301644eff34391e7d3
legacy/skycoin-production-2026-09/server/auth-extended.ts,7713,349,fba34d2055db61e240556f9540096f2701d64f83a94d42b2acd3cc45a3f18c57
legacy/skycoin-production-2026-09/server/auth-router.ts,10303,335,2e8524c66f1197b940ccc64dbba20ec00f8e554dc5167fa190642c35deab3815
legacy/skycoin-production-2026-09/server/auth-service.ts,4920,228,a8e4bd580b17024d5aa42f00f985fd3e81c64b1c5c0d52647d799ad4d1f85240
legacy/skycoin-production-2026-09/server/auth.logout.test.ts,1625,63,253f4a050743093300aa70fc0072f5fbd46cfba96ecfd1d52d434fbe7dcfb54a
legacy/skycoin-production-2026-09/server/auth.router.ts,452,15,984a74617e2684711d065e7ed00b1793565b3b73d98ace44e62216d3fe8969ba
legacy/skycoin-production-2026-09/server/auto-publish-service.ts,1714,68,8fccd512ed190478e82a7cf409d4d59ee816e2a73c4488e969ba20dbf1514886
legacy/skycoin-production-2026-09/server/autonomous-agents-system.ts,14039,304,dd3ceaa0de0bd398c86f89d4c4fad468ca56663124cb021fe8a3d2160e90dd60
legacy/skycoin-production-2026-09/server/autonomous-economy-optimizer.ts,9531,339,443e4ac51027ae8c531c110afe481b2f1d75979c4bfaeb79c2c3e76403159d26
legacy/skycoin-production-2026-09/server/autonomous-mining.ts,10315,364,0056e6f96788ceca29f4e5d115f4c84c9ef37879f00e57b38888b7af72cab694
legacy/skycoin-production-2026-09/server/autonomous-trading-agents.ts,7921,277,2664d696ae811ace8517ed7955a7bd68348b25ad34d6af85d87f78a515485dc4
legacy/skycoin-production-2026-09/server/backup-system.ts,13542,460,4176b298430600d5bb946df3e317bac32b564393a58622d9abfc1f013c691001
legacy/skycoin-production-2026-09/server/base-swap-engine.ts,6462,234,108d5b52ceb7e5d3f0ca7f023aea2f8410d007b975f77acca330d5936606f748
legacy/skycoin-production-2026-09/server/behavior-engine.ts,16581,410,f16b790369e3fb6dba2a069d0b3848e936f8800bf263815901b3215fa97e6010
legacy/skycoin-production-2026-09/server/behavioral-intelligence-engine.ts,11702,362,47285a6887fcc9cc4a7bb766c90857e09b303a75c822f2ce51b7202fdaae9b98
legacy/skycoin-production-2026-09/server/blockchain-custody.ts,20440,655,0b249ae8b5d0445f610cf2885a7dd31ad82d4c4312f24ff5015be5ad35a1b2f3
legacy/skycoin-production-2026-09/server/blockchain-router.ts,5749,191,46258d87a4b04a9dfdee6146ecdad6a6c0dad705ab26c97aafc820eb195f5315
legacy/skycoin-production-2026-09/server/blockchain-web3-engine.ts,8080,307,f2f982f259a3b5eafb38fc495c8cdffe2e1fefbf88a5bcd19d5ad29fdee3b5f0
legacy/skycoin-production-2026-09/server/blockchain.test.ts,5218,148,97c6e5297467a11bb3c0cda3e0ea8953b91ca3403be70f71c8eed7e9320a8615
legacy/skycoin-production-2026-09/server/bonus-features-100plus.ts,9816,330,7a50460e3e24e02b2c4a924f68bcb4fa0a3e7f0e2d18a85e97da6179d454e6a0
legacy/skycoin-production-2026-09/server/caching-layer.ts,8223,345,338bc7661214c464a3924ee9c31e1630490804a17c58323c9e44dab552bdbbda
legacy/skycoin-production-2026-09/server/charity-network-engine.ts,23079,675,0f6f0f88b3ee74ca5096379cc7d2c08ad8a6ba4e9ec065cbfe78a869a432dae2
legacy/skycoin-production-2026-09/server/cipher-defi-engine.ts,45429,1038,756845177bf06f2f182f336bde6d532da32dd294f0f7210fa28f81a2a09c3744
legacy/skycoin-production-2026-09/server/code-intelligence-router.ts,12814,341,86828ab780766edaa4cf7543cc8e0ab7b20e7fd9ebb4f5be5ce97b7ecbc947e6
legacy/skycoin-production-2026-09/server/coin-economics-router.ts,16289,348,e322212370fe585f0a32ee62612097ea16b2024bfba4923a33cb55634bee0f61
legacy/skycoin-production-2026-09/server/coinbase-integration.ts,9825,357,c415f77d90613eeb925c1d6b24b96aba6ea3eee7479cb80ff5eef46cba91c92b
legacy/skycoin-production-2026-09/server/commandments.test.ts,36838,816,c8368917b699b1d3b468610a3a5d3cebad36c8473ac37db981a694fb6c024f46
legacy/skycoin-production-2026-09/server/commerce-marketplace-upgrades.ts,2823,94,a0602a3fec769dd1d250f5727554397543732e71c993c3ca6d7a2b0551157c2e
legacy/skycoin-production-2026-09/server/community-core.ts,37840,1030,9d68224ea7e72a0b4c38baba537eefdc36bfbd65030baeab7c3d105f47fc6845
legacy/skycoin-production-2026-09/server/community-economy-engine.ts,33705,965,afd39972188c87e39ad736c073d456a5a19fd0c29a0c3b9f1f3133f98f4b00a9
legacy/skycoin-production-2026-09/server/company-simulator-engine.ts,13404,389,a567f2287774bdb52b43eb9373b1fc295037833a4fab9dffb8fc4b5444b27fb0
legacy/skycoin-production-2026-09/server/competitive-radar-engine.ts,11077,347,1e3771621df7a43e22306b5ba1a0d6f7c75141590514906e3872bec5dc6b13b6
legacy/skycoin-production-2026-09/server/competitor-tracker.ts,3503,118,ce3cceaeb7adf88aa8ecea53bc7a4e1dd687df4da1a35920ed1ae310d9fa48bd
legacy/skycoin-production-2026-09/server/compliance-router.ts,17837,425,668d086a70253abfa727cf3ffb3c9c7b728a64787a49b7ebe9d0eedc138c613e
legacy/skycoin-production-2026-09/server/connector-intelligence-engine.ts,10406,339,ebb9abdbd76274e8ae1cc827306af34dc1306f1edb76b2c3f0e23f429e0b5790
legacy/skycoin-production-2026-09/server/core-facades.ts,23225,718,3e5863c49994ca654e297f0bc82b81691bfd27c869788939661698613a30d204
legacy/skycoin-production-2026-09/server/creator-economy-engine.ts,24417,600,a8d207e3ca1f8b6c102410f06ca56b6c527deb027fefe0f56c42f555b25dc924
legacy/skycoin-production-2026-09/server/creator-growth-engine.ts,41380,971,affcee948ab42f06b80cb04f3ec9f015992feb20a9dc3e1dc533a0cd0be6a5dd
legacy/skycoin-production-2026-09/server/creator-marketplace-engine.ts,29483,862,357894d1128caa03c531113149d294be694efa104e8773f5fe62e2c2a06c8edb
legacy/skycoin-production-2026-09/server/creator-os-engine.ts,36043,828,43ce66f19545fe5730c0ed4fe785ab5f9978d4e2fb4b5c6b81934f97f2b1fb6d
legacy/skycoin-production-2026-09/server/crewai-integration.ts,1752,86,85f465671877a020c9222beaf925696e25444f9e53831dba50e46f69dee8d1b4
legacy/skycoin-production-2026-09/server/crypto-ai-module.ts,3470,114,0cae84176e95f9040ab21b064f51db401fd95826b6e748a2b7bbf9defc1a6368
legacy/skycoin-production-2026-09/server/crypto-engine.test.ts,13212,392,00585fcf764d0619219374ea16fd14954807c27dcc96c080dee520e8a74637b2
legacy/skycoin-production-2026-09/server/crypto-skycoin.ts,9110,286,97c7e6cf7207fcb3cba8cac1421ad9a23b4a51ecdd7c55af0cb855d62b28afea
legacy/skycoin-production-2026-09/server/crypto-trading-ai.ts,3988,121,e5a712b0609ae19d1d5e9df21f7723e8ce4873e3856b7dfccbcea84ed51662c7
legacy/skycoin-production-2026-09/server/crypto-web3-production.ts,33718,853,834f790e0510bc9f2ed0ced21bb1809bb7c103b26b8e7bc7062a7e37ec9877c6
legacy/skycoin-production-2026-09/server/dashboard-router.ts,1820,43,ca096e3871e545f5a59d19c451b4e71f4ebab87cbeea89f31a807a34e87e75a7
legacy/skycoin-production-2026-09/server/data-warehouse.ts,26783,773,49cf2c596695ebd1a562b692dba4679023eb0cd5327506e71453235deb1d62be
legacy/skycoin-production-2026-09/server/dating-ai-matching.ts,10765,382,ac4e15ff580a4f2c834ad9b404d9176abc02a787a6fd6d3737e3e5af95a0fbd1
legacy/skycoin-production-2026-09/server/dating-integrated-routers.ts,11020,312,127b103e6274f63755d1ec5ce01b1dbaf6fb4cb7ce63589534469e2a1ef1f6ec
legacy/skycoin-production-2026-09/server/dating-integration-hub.ts,13083,409,4f5d87f11b73d4b9a94be264c5eefb0e23e02b4274e15cc154c03080e3072c26
legacy/skycoin-production-2026-09/server/dating-matcher.ts,6489,233,ab21ef833ac47717bee5255ad5d7334125ea1a0281c404c049fb134929a0fe02
legacy/skycoin-production-2026-09/server/dating-notifications.ts,8421,295,b228097d4e9d194245fa235f26c7a4df5f48d304afb2a3cdec9768ea16ccd0f5
legacy/skycoin-production-2026-09/server/dating-photos.ts,5180,219,4336f609ed419f72b52fb8698b301ff847e5dc205642b15532b0986f0421da79
legacy/skycoin-production-2026-09/server/dating-routers.ts,11042,410,a0b105c732ea3e1f47390faa3f49fb5445f5c84ff83b5712c59f84f9b1de399a
legacy/skycoin-production-2026-09/server/dating-safety.ts,6688,314,90ce51635dd0995bed8701d6b6952360e256ec9256509272c94e8b88ef5ab658
legacy/skycoin-production-2026-09/server/dating-subscriptions.ts,9554,319,8088d70a0a05a9c1b2d844de02af8e1d6961ad3f001e9461d151b18b26dda4ed
legacy/skycoin-production-2026-09/server/dating-videochat.ts,4361,184,ed4598933850a2f066db92c99ac3cb7902a667da638b19bb5d56d2cf2ae70e2c
legacy/skycoin-production-2026-09/server/dating-websocket.ts,5961,224,d4ae32f11b91cc03b39c0e30fd3e4225f7ef73bb66b0b951627daa49df6e2c4a
legacy/skycoin-production-2026-09/server/dating.test.ts,10474,409,47c3206de2fc4b270dbe9d64048a968c40a90ef41bfde992965c6a3f6194c4ae
legacy/skycoin-production-2026-09/server/db-intelligence.ts,32469,812,8bb76e3a12ffd0423001fc133c85294c6c2316a5206f0649a08b82ab38357e87
legacy/skycoin-production-2026-09/server/db-language-exchange.ts,18409,573,cd8a8f8b28008a0374604755787d4d4d1e66cf4924861f51a35039545787d5f8
legacy/skycoin-production-2026-09/server/db.prisma.ts,1446,59,998dd681395c09895c66a98b9b93d24304167c14e425e45f9b170b3cc1848aac
legacy/skycoin-production-2026-09/server/db.ts,6244,222,12df884016da66055a9ac2547cc44d6c70808f291563f0e1b1ee7f031e0fec98
legacy/skycoin-production-2026-09/server/defi-ai-analyzer.ts,3519,118,ab92357b6e224e4d9a551fc2fb41b857107dc0b04fd67f86b137e08cd483b023
legacy/skycoin-production-2026-09/server/defi-engine.ts,28074,816,16cbd437e1e441ab935bced330549fa37d9cc782e487f0fc2bbe25ab354e5d29
legacy/skycoin-production-2026-09/server/dhgate-router.ts,9394,246,4bd14fa6b1232cf7fb82dad858e7148309e3ac4dac19639b6ae879f6801297c0
legacy/skycoin-production-2026-09/server/digital-art-engine.ts,9582,292,fa2f6af13089c26b726dbc666f14760bc1202bfad0773d7df946ed3ba06aade8
legacy/skycoin-production-2026-09/server/digital-art-router.ts,4565,124,c3a373bc5c49eab4ca824a67278200741ffc98d486da8db2144e68cbea1dc11e
legacy/skycoin-production-2026-09/server/distribution-engine.ts,23095,674,5fdce7426a1b3c95308fb33e0f2eaf2ac6cde4505530689cabfe991d21bf06ea
legacy/skycoin-production-2026-09/server/echo-realtime-engine.ts,19782,651,9536d49c5d1b60470ef799f6523a0f4498eef71ac78a0efe4b5700aec0db7f68
legacy/skycoin-production-2026-09/server/economic-router.ts,14584,427,2b9ae184d019b850c288f8dd811cbea50cd700b4a84d7deacc110f016466b3e6
legacy/skycoin-production-2026-09/server/economy-engine.ts,11449,342,863256a94284834b59bd3d99b12f1a683df43c3456508a05f979e8df61d1af33
legacy/skycoin-production-2026-09/server/ecosystem-integration-engine.ts,5438,234,ec3e8f407e0e035133002d8d1efbb0427980f6c4de2d812ab53c508c6c93c82b
legacy/skycoin-production-2026-09/server/ecosystem-integration-layer.ts,11469,393,a96693fd311335668102e1b3107df32c09ef7b60bd51601605e3528470716ab0
legacy/skycoin-production-2026-09/server/email-notifications.ts,9693,382,e4807cbc630ef290e45cdee7b55d59482649bd2abc0f8464382b6fd75af97fb8
legacy/skycoin-production-2026-09/server/emergent-economy-engine.ts,13663,370,8b2cd02cc63ad38e53f07272fdb5fdf663417095f01202e28a7580c60e8fd192
legacy/skycoin-production-2026-09/server/engines.test.ts,24623,718,92ef1f92f0c034d0fe6c8e2b33f7aaf2e79a58933fc882803350fc4d6e860c29
legacy/skycoin-production-2026-09/server/enterprise-observability.ts,7690,305,c62d43fdfb256d2449b0f26518623bf29ed7e6655635c71d89d332b2172d7217
legacy/skycoin-production-2026-09/server/enterprise-router.ts,9983,285,ddf671e9a5dbd692ef11aec1208cf148f60c9552242ca4484e62ebcba62937ee
legacy/skycoin-production-2026-09/server/enterprise-solutions-engine.ts,7718,316,2177ebcd3cd9f9dec967065067cd95dbccafbdc6802bd56aebecb4b67502653e
legacy/skycoin-production-2026-09/server/enterprise.test.ts,8835,278,4952c4550ea5e745dc569bb8c2901e6ae6757270f4c8359f003508047b0e78e4
legacy/skycoin-production-2026-09/server/event-bus.ts,4734,136,e66d36ab1cac938686c826a7ac89890a3bd7f0f8dc62ef9cea68d291b9f7ec0a
legacy/skycoin-production-2026-09/server/experiment-factory-engine.ts,11428,376,8babf9a35cf507396c13721b150e6bc216cc38a4a8fc35f00a744fde2627f232
legacy/skycoin-production-2026-09/server/family-legacy.test.ts,707,22,5fcf17de0ac061f7a727f4313407e0df4a68bd9d9b0403c0403c7ed0c73f54a8
legacy/skycoin-production-2026-09/server/feedback-collector.ts,3360,100,b6be634114fceea72419a1ac8aa020832c0be3543a48c077183d068e21616c56
legacy/skycoin-production-2026-09/server/financial-guards.test.ts,1536,29,218090b701e83417178c530be73342f3d193e7918109bb78a67d96357608fff2
legacy/skycoin-production-2026-09/server/forge-data-pipeline-engine.ts,30161,674,96b6faa39c85c0350046036c2f564d355727f4dbc3466d561431b844ff0a629d
legacy/skycoin-production-2026-09/server/free-will-engine.ts,23191,601,411b543b6acedfe10f3dd4149fe12fe2924beefcaa80478476ce8153521c2a2b
legacy/skycoin-production-2026-09/server/gamefi-engine.ts,39739,1088,7258fd1ea85c5035829c3264a5eb91c339a98a4b5f2cb0595b14a166343f78fa
legacy/skycoin-production-2026-09/server/gamefi-production.ts,37813,958,08490f1298030489cc6cefac1b0ba1a0ee9117111dd4e2b32ecad4a92206158e
legacy/skycoin-production-2026-09/server/games.ts,7473,352,576fa1ac05aa950b8c32941290974e1afec8b75cbd93683c36d3b003a313a30d
legacy/skycoin-production-2026-09/server/gamification-router.ts,3605,104,e368e271caf0904f39db3c70b847d2dc35dcb3de167598c87a476f91873943e1
legacy/skycoin-production-2026-09/server/gamification-x44-engine.ts,11281,381,99ec2a3d85ce1089684f0ebcf284885583eb6e13dcd052cb2eaced9cf51eb2d3
legacy/skycoin-production-2026-09/server/gaming-gamification-upgrades.ts,2843,93,29d765ad6c66a2ee600391e3dcb6b55a149730219a4d5025643fe39c930e4497
legacy/skycoin-production-2026-09/server/global-expansion-engine.ts,7482,259,dc897e147aa75e11eb4f96323d4181f89bfbaa8ac7ec5af3cf5dc3a56059b8ea
legacy/skycoin-production-2026-09/server/goc-router.ts,15695,371,92110038fecd981a1d4fe416a0d4359fdc272a4929d805ffa494e155a03ae765
legacy/skycoin-production-2026-09/server/governance-engine-v2.ts,12400,352,cd637b3f96611e9643a0beb9de03f39161c6ca0588ed70e27ec44c98db3d31d2
legacy/skycoin-production-2026-09/server/governance-engine.ts,24126,680,c54dc933ff1b1f88e7c7cf5c2588413eaca3138b9d2f23b89455d57651b2c441
legacy/skycoin-production-2026-09/server/graphql-layer.ts,11577,555,12900ea759027913ad7e02c1c57677cf3e19384f615b82aeaa198373f1f5f406
legacy/skycoin-production-2026-09/server/growth-engine.ts,24812,653,5341fa0dae0dac02db1734aea1882e01e997e7abb1ec3e3fde02db173710e7c6
legacy/skycoin-production-2026-09/server/health-monitor.ts,9083,388,479c8b80b3123a6caf5c65d67f21a2cfdf9c5fc4febfba130dc0e781318fc745
legacy/skycoin-production-2026-09/server/health.ts,189,9,d6031b1ac0b7361f130f7726cd080c83b2f7c03e54b2e290dfd70520854fddc5
legacy/skycoin-production-2026-09/server/hope-ai-core-engine.ts,11031,349,337dff70113680df9b19cb493f48701d4a714ce48b72c4d13b542d932423b752
legacy/skycoin-production-2026-09/server/hope-ai-engine.ts,26598,540,b6364e509fa5fe7638d49401299612014a8a5d66e7be1f6440f34c640bdbad47
legacy/skycoin-production-2026-09/server/hope-ai-gray-area.ts,29962,546,cb287d572060275479994da59c406515e824f9baa624e961e05f25cef6b87519
legacy/skycoin-production-2026-09/server/hope-ai-military-grade.ts,8550,320,8acfffa6d5575501e3fc0c384a84eaabbc6428c3d42759a2ec9683af2b05971e
legacy/skycoin-production-2026-09/server/hope-ai-unlimited-upgrades.ts,21723,524,a4a39731595dabd77e2f203d3b11d5071a7a867f51a65d47eff04972db7aff12
legacy/skycoin-production-2026-09/server/hope-ai-x44-advanced.ts,21107,607,cef67443de9f6711fc386c70baec8d363cbfb22b74de5f56dbe253c1525ae590
legacy/skycoin-production-2026-09/server/hope-multi-agent-system.ts,15611,441,3ccf31f400d680c284ee37680f647b6003e6e2990a49f1439e9bee270a06708a
legacy/skycoin-production-2026-09/server/ico-economics-engine.ts,24880,526,ad8d3669ae4d84d28a605be1ab83875885ce141c36d48321550d7cfede33876c
legacy/skycoin-production-2026-09/server/ico-router.ts,18665,454,86084a0170a1db8dd96880421872d0577cd91004be62ff9caa4311b4d15ec9b3
legacy/skycoin-production-2026-09/server/identity-trust-engine.ts,24447,680,e39740c1354cf8d64b6f68a1c7701dd58c253f2976761a42981305d1d0c0267a
legacy/skycoin-production-2026-09/server/index.ts,859,33,335d95d3ac483c03a37ed645202bbf5be1663c8ded0bb633acc83f7b57d44a5f
legacy/skycoin-production-2026-09/server/infrastructure-core.ts,27355,724,4d4f8aa09f4f12aacac525872cad43b1a2fca0b7d44747e8e25d0f7882c400ff
legacy/skycoin-production-2026-09/server/installer-engine.ts,14418,377,b052299fb3d709e8c6163aed4ac68f7e9421794c8c1baf3da763320febd015ae
legacy/skycoin-production-2026-09/server/installer-router.ts,1993,50,66dcc87721e1a2573fa3ab07dbbef9c8d75d3bcb719b4f62a75fa028bd7afe7e
legacy/skycoin-production-2026-09/server/integration.test.ts,14749,421,73e0c94c97e21d8b55f0700df796530b46c26742f42f0fc430695042f32e13b3
legacy/skycoin-production-2026-09/server/intelligence-engine.test.ts,9730,234,1bd1e2f1760d563268ac12a0f1360d4e1115e48cf5b082693b540006ca32bd53
legacy/skycoin-production-2026-09/server/intelligence-engine.ts,15851,300,19e3215e181cbecc2bf6a62dec30f028d6008fe6441e0857a14c1f88bb93d7e2
legacy/skycoin-production-2026-09/server/intelligence-engines.ts,24093,622,f8c3af584ae82be75f12e1068bcb01907f2ad5f24682e0d4e7139cc9e56e56ba
legacy/skycoin-production-2026-09/server/intelligence-router.ts,18805,400,28d9b26a658ef0883a9a30ef44a2d57cc63418208102924d1a52b40057a5680e
legacy/skycoin-production-2026-09/server/jwt-auth.ts,4374,149,0850872bf87d862374f2cdbb0b95fe7e217d2659037729ed632f29bbff29bd85
legacy/skycoin-production-2026-09/server/langchain-integration.ts,1585,66,6a25d5679721cf8d9ab6f46149b413c4f0929e518454ab2ade1ce17c97edf76a
legacy/skycoin-production-2026-09/server/language-exchange-router.ts,14272,461,3e678f3ff9dcbfb6b4fbbd55db8d7e0b7e9e8fdd20166c4c98d0c1a380def48f
legacy/skycoin-production-2026-09/server/launch-strategy-x44-engine.ts,7185,278,02a4157caddc79e582ca964b47ea91ee5844a28ef7fef534fdf8f3e2b09be539
legacy/skycoin-production-2026-09/server/live-event-engine.ts,21381,510,09221ddada7c3bddc917d4fc3c2db35837ca996a8c47ce0e339a532d384dbeac
legacy/skycoin-production-2026-09/server/living-loop-engine.ts,6664,237,fe47aa163c4dc7bf4d5a1e4e6e76e23ed372d387f48b78f9067fe1bbcfb3c34c
legacy/skycoin-production-2026-09/server/llm-integration.ts,10119,372,4b8d905ac47bf7fdb875efa9c97a4188b15ebe2b245682899b500b0751450747
legacy/skycoin-production-2026-09/server/llm-production.ts,12908,390,2dd0cb67072ca395967845556ca7b44e0571c162accfa992923b252b8644abf6
legacy/skycoin-production-2026-09/server/logger.ts,341,7,309ad997703bc3b910d36a95782db716e08c3e8d6c619a9bd977f966f7dc0b17
legacy/skycoin-production-2026-09/server/manius-orchestrator.ts,18365,461,8ef6c625866a24319269deb59fbd415bd799f7cd83fb2e825cd421caa79e96ba
legacy/skycoin-production-2026-09/server/marketplace-engine.ts,20799,644,ed9f01dcdc1857472ae7cd54cfd1c81531f68f6405b3b26975c685599199d374
legacy/skycoin-production-2026-09/server/marketplace-production.ts,31422,838,b4fb2a5f4b0d141f3900a8c932de0d2094ac68a0bd9fe2367673d77fc40f0534
legacy/skycoin-production-2026-09/server/master-platform-engine.ts,23252,824,ec6c2f6399849ec943684f2367415fc0d99eeb2ec350bbda05aca403b6f371ce
legacy/skycoin-production-2026-09/server/max-parallel-mining-router.ts,3152,128,aa9d1094202af73a82b831a9b552a390abe791c5bf36fb9a16774631084b04cc
legacy/skycoin-production-2026-09/server/max-parallel-mining.ts,5435,218,184402177be3f2030135e023de371a97807890e9c34537170fc32a0d752ccd7b
legacy/skycoin-production-2026-09/server/media-core.ts,47942,1298,7af5782f170aa66913ddf384c12d7c0ae5d3aad7f24387fa5d6ac16968311098
legacy/skycoin-production-2026-09/server/media-engine.ts,26535,667,b193bd7f8d79666eb9de1dc29ed86dc159602c61bd8a429ac88a172e846c3adf
legacy/skycoin-production-2026-09/server/media-pipeline.ts,27398,747,b13f297ab625dd82a97d682e75e845f040585d030864eafae0927ae8ac3c8b1d
legacy/skycoin-production-2026-09/server/memory-graph-engine.ts,11221,312,c7c1cd0824b143bc48b8ccf8809ad8f1dce086f92622d25b282a33f5702935f5
legacy/skycoin-production-2026-09/server/microservices-architecture.ts,15274,500,ccb3d0bc2d565ce1632d8de65a30b0b62bb12a9dd2f9c7cf8da0a33bb4dda964
legacy/skycoin-production-2026-09/server/middleware/idempotency.ts,6714,220,293ba02fff9c092e4a9a6c422b452701a82e97ac7c42fb34c2895ab03dc05e8d
legacy/skycoin-production-2026-09/server/migrations.ts,4956,210,acc2c4d2b68a0205eedec0ae0c9722cde93f33a330cc7f8f2311a14d662acb3c
legacy/skycoin-production-2026-09/server/mining-ai-optimizer.ts,3104,112,5b83f3221b295126b3a37fcd85560ca35bb10516edc401b15804745febc338e5
legacy/skycoin-production-2026-09/server/mining-heartbeat.ts,7743,311,3b06be7bc442a1d3eb5ce8b11963a0f322adf29f2b9e86d0561619ecb4e1ced4
legacy/skycoin-production-2026-09/server/mining-job-250.ts,2473,89,2e43186b3615912ba1dd90147ae04ee5565be59de566faffceb41a7dd1448ad4
legacy/skycoin-production-2026-09/server/mining-notification-system.ts,9796,363,1c872cde9d0f9149c25ce51fddf8bbae63b5d71566bb31f97258f0ea3cf6e840
legacy/skycoin-production-2026-09/server/mining-pool-connector.ts,9419,338,822600c53caf924fa11a4a49c6a004137dd6f45a2622588882bf83e452a58ebe
legacy/skycoin-production-2026-09/server/mining-router.ts,6106,278,e8582b88bd7da8231e3961fb4774bbf7d0e609b9048abdb79da25c8d6c8a97f8
legacy/skycoin-production-2026-09/server/mining.ts,5363,201,ec4a83228bb724d1e5151ce1b0a2c250d5ac93ed47cbd9297457060c7799e6ed
legacy/skycoin-production-2026-09/server/mobile-apps-x44-engine.ts,6680,284,8b3fc826f78c11b8f686c7fab95d09f5a778da9bcbcd333c025d2f7c0bee824b
legacy/skycoin-production-2026-09/server/mobile-core.ts,27755,782,d1496599001d1b8b00457d61a88f0d4d70262934be7d04a5105a60ebd6dc2261
legacy/skycoin-production-2026-09/server/modules/adapter.ts,5634,173,82e3e5205ff017321dc11d8d6524c47f55f8d2c16ee4432ef709af6b97a0b42a
legacy/skycoin-production-2026-09/server/monetization-ledger.ts,29487,749,087e9aa3d6e55156f28cbae422f93e58418b49804f717d582f0d374dfbc3cd40
legacy/skycoin-production-2026-09/server/monetization-x44-engine.ts,8615,346,9cf61b2106e8273ef7ffaf1f54fa4331b706efb979882af5050b1619defc7637
legacy/skycoin-production-2026-09/server/multi-agent-orchestration.ts,9249,319,b4a50a4306a99786dfc2686c1eebfcabee9a76a935b068f164cac2b936905ec3
legacy/skycoin-production-2026-09/server/multi-agent-orchestrator.ts,9834,261,a943beebac79c36ef176376cbf295c10f442385e260bf21409be60c829235e01
legacy/skycoin-production-2026-09/server/multi-tenant-system.ts,10637,415,55125d0940a87b355fb98faea1fe65979139147cd224c372749dd9e3d3a37da2
legacy/skycoin-production-2026-09/server/n8n-integration.ts,3223,117,ea5f0d802c54192cc024bc5dcb13152749b3152743f8ae51f32013c8c244bb6b
legacy/skycoin-production-2026-09/server/narrative-engine.ts,10891,283,15e9ea6be992c0b7a0f36bb2f6f57917c5e67ea941d66967460dfc651a92bc3a
legacy/skycoin-production-2026-09/server/new-features.test.ts,49466,1375,25a32cc8b818b149fc5618b388af4bbbc9d10df53a550031f5eb1db682ed5b4d
legacy/skycoin-production-2026-09/server/nexus-api-gateway-engine.ts,27212,811,1ced65e597f08d79eda85c0db2e00702e8b443cf606f6107867f3279e8ebdd01
legacy/skycoin-production-2026-09/server/nft-ownership-engine.ts,34459,962,b0f39f17ccb3954594825e135b51760726e13cb1b1aa1644fb6b818a11c770c9
legacy/skycoin-production-2026-09/server/notification-center.ts,21826,677,572f77a3229ba0a680a12b037b5fb10e74008a09a36f1cca5cd19f7024f2e660
legacy/skycoin-production-2026-09/server/notification-intelligence-router.ts,13989,386,7133ba56d9d5450e5aeb116444204d30ae82dda66e12c4a737c8f59689419f33
legacy/skycoin-production-2026-09/server/notification-system.ts,11936,429,f7ae49873aa1d0880074602cd858e2cc9b03c779952c9a6a815a77212cf6fa64
legacy/skycoin-production-2026-09/server/notifications.ts,6156,213,88eb250f0720e577e3128194dc228f17fc4d7b2a1b58696d1971bd8ffcdc7d8d
legacy/skycoin-production-2026-09/server/nsfw-engine.ts,10339,324,512c7bcdbd74f3b7547c761730e3e45be5c835342db31511828caf1f7618829b
legacy/skycoin-production-2026-09/server/nsfw-router.ts,3729,112,da6a34ba07eb226d2004b258e528e526146ebe36b0a5e1158b98485d38c7c7f0
legacy/skycoin-production-2026-09/server/openclaw-integration.ts,2485,95,df2037c621c0ff4e789f56dd52f70c8662638d6eecd8569301d96e0e4bbab751
legacy/skycoin-production-2026-09/server/operations-core.ts,35260,981,5b3d816b9ab6f47517e4827f16de9f65f970d3b7bf7f4dbf4211b930408bf92b
legacy/skycoin-production-2026-09/server/oracle-price-oracle-engine.ts,18980,647,e0fc8e245ffda6334d3fb7c577a9a6dd3f5e741d6d629334cf3967f1579e510d
legacy/skycoin-production-2026-09/server/orchestrator-router.ts,1726,50,b750b95c47924981652e5d3e144413f863a527ecab564f6d139490d2350c9caf
legacy/skycoin-production-2026-09/server/parallel-processing.ts,10366,431,2ebbc315c372bb83c62c20f3172628b728ab36d7faeb57f0989259ac791e7e1e
legacy/skycoin-production-2026-09/server/payment-core.ts,32437,870,0b805e5ae0c03ead8f01abb6f01603915f716f4a40da2a116138e21b694b8054
legacy/skycoin-production-2026-09/server/payment-engine.ts,27067,910,04a4d708607a8e272af62ebba128b990333adbcb35af975b490103ae2c0b6c2d
legacy/skycoin-production-2026-09/server/payment-integration.ts,7885,278,4ba0719f7fda40af4d323e45b3449ab4db4761d6ca365f082cd0d754d6725c02
legacy/skycoin-production-2026-09/server/performance-optimization.ts,5736,263,2d17d93b7d0b7907a0047977aa12274034d10b35533da6676bdbd2f1b80e3c7a
legacy/skycoin-production-2026-09/server/performance-x44-engine.ts,6016,225,ba830a6e3d70518eee53efebaa619bc85861642d57bdbc89d1566c56f79f6a26
legacy/skycoin-production-2026-09/server/phase-engines.test.ts,11823,305,9ab20e90e4de96b1bc094142c651cc9ec5dbb5bf7036c010a7e5869e84eaf3b8
legacy/skycoin-production-2026-09/server/phase1-routers.ts,4077,137,c82fa8d2c7761bfafd5ddcc4d2bd53fade61f53340e2a3f0d57688c011a1adfa
legacy/skycoin-production-2026-09/server/phase10-14-routers.ts,21120,349,af53caaeaf48c1db6bdd12776bd3646fab2fbb5990620f929d1826e674d7abd3
legacy/skycoin-production-2026-09/server/phase10-14.test.ts,52615,1270,97f27c7db42ef7c3a7f83b329d30e58b7e133e1fe673b30eedf61ea4521f0154
legacy/skycoin-production-2026-09/server/phase10-global-expansion.ts,36124,757,47083f3df31f19184241d955242a3aa620a6bd9ccc12efe43c2d820f729b2066
legacy/skycoin-production-2026-09/server/phase11-enterprise.ts,16080,450,a8dbe5fbc0308923994c0c8e419a1294ba825943d4103a43dd69fa4fb9740d32
legacy/skycoin-production-2026-09/server/phase12-autonomous-economy.ts,26229,615,3c1770090de8ea85c33d1945c0ab71544901c4750c43f01a48691200ed10b7e2
legacy/skycoin-production-2026-09/server/phase13-ai-civilization.ts,29282,659,39affe7325c79312a318ecdfada532c00b73af2fc27ed49b234c45f6fce7d7aa
legacy/skycoin-production-2026-09/server/phase14-permanence.ts,27442,717,980f01a670e8f6f23c44dcdf16de2f7e6c5b50465370ae8add34af4cbdafbc27
legacy/skycoin-production-2026-09/server/phase15-19-routers.ts,27216,717,1ca54afcbee27c5ccaa0b57216548d243e83adec988588c86c046cfb03540c42
legacy/skycoin-production-2026-09/server/phase15-19.test.ts,43799,1194,2ddc25c77881d8f1c84c47fb13a44ec298d055e93ffb796226f0a5039adb2f84
legacy/skycoin-production-2026-09/server/phase15-revenue-maximization.ts,26726,839,34f935a8bbc20a7c3deb8fe84394cc82c6ad20f337540fad5b83227573c6d11d
legacy/skycoin-production-2026-09/server/phase16-user-growth.ts,22410,629,414ce58ea52d172610d86a22c837307749859b328b39ab71c9213890fe24b8c8
legacy/skycoin-production-2026-09/server/phase17-mobile-infrastructure.ts,25344,708,f3df70ff53ebe41fc0b61e036e13343b108b9ad0cb1e8bfcbd4108c4758db13a
legacy/skycoin-production-2026-09/server/phase18-data-intelligence.ts,24992,713,85f43fab10117dd3cb3c07479a37f30b5e36dd3ade1eb5b0370d3ae6434bde5c
legacy/skycoin-production-2026-09/server/phase19-market-domination.ts,21535,627,d21386fa0daf7e50becadc4671ad12462a2c59a54d62ca87fd15154b7242fd4a
legacy/skycoin-production-2026-09/server/phase2-4-routers.ts,10038,273,1cc2d65e363961195203249b2a06aeeb5f09b97e25c9dd0683a0b5db127c6ef6
legacy/skycoin-production-2026-09/server/phase2-core.test.ts,57536,1500,86fd69079b269355e739ad1c20bffc5773f96d1a9cebcd6ee4c33b1d1489599c
legacy/skycoin-production-2026-09/server/phase20-24-routers.ts,16496,356,2e9e6713caea839309efa3095529422faf1124e1478d4204f5f5455175554900
legacy/skycoin-production-2026-09/server/phase20-24.test.ts,45928,1123,b4042aac971efbc5d4f856a9979e56a0953022050690a130fa3b5e5f57a2f091
legacy/skycoin-production-2026-09/server/phase20-attention-engine.ts,27378,751,246ce1bbad453ff4216cf4e7ce2ec563e80f2d768e895431f66d8a298e5d6ef1
legacy/skycoin-production-2026-09/server/phase21-creator-empire.ts,22326,630,23d27d1c90ffe3c13d62f49d528ed05b5eb89b816690c1b5c5ba23afca21872f
legacy/skycoin-production-2026-09/server/phase22-economic-moat.ts,21849,583,f765233379923908c4a580405a9a2d05bd5c1a208a1ada1fa1eb8cb3427cfc80
legacy/skycoin-production-2026-09/server/phase23-ai-autonomy.ts,19194,541,bebb3829da2e03348b0cf245d247f1fc47a123377bb973adfa61f508101462ca
legacy/skycoin-production-2026-09/server/phase24-ecosystem-lockin.ts,21163,575,ff869ecf59cb450630348e27b060c775467065d90ca9d66fe880901246f8a588
legacy/skycoin-production-2026-09/server/phase25-30-routers.ts,27963,821,c0774d98107915675a77b6c58d6396e7f069ebb6d056c072fb3e7f00cd56904c
legacy/skycoin-production-2026-09/server/phase25-30.test.ts,44629,1159,e8e2dd6a1b8c8dfdc0eae3a717d2eb38dcc90ee1bd31ad5db01618511f3165d6
legacy/skycoin-production-2026-09/server/phase25-search-dominance.ts,27803,785,9a9a9a2231da7ace04520ade4425982cedee2b1a7af59531ee467901a2e4a24c
legacy/skycoin-production-2026-09/server/phase26-knowledge-graph.ts,25431,670,f003b0d1ff39b5ed239a5a929a76b0f57d90dd5ed593dca21b3049e2b8651134
legacy/skycoin-production-2026-09/server/phase27-live-commerce.ts,28336,796,bb03637d32d62fbe9db9eacbc0e333964537e622f79eecb9413e0d828b4ea9c7
legacy/skycoin-production-2026-09/server/phase28-gaming-engine.ts,34064,971,4c40ccc2241e09b9896bd2376ec6534724332759d0b2aa915365703ab57d5959
legacy/skycoin-production-2026-09/server/phase29-culture-engine.ts,28500,798,6ae3e08335beeefa4a86370eb266eaaa25ffc658fac23efb2050353e26d31800
legacy/skycoin-production-2026-09/server/phase30-legendary-infrastructure.ts,31966,863,6f9dfa2ca511b0837e8be376341b002e895712585297c824a4faaf9223b64aa0
legacy/skycoin-production-2026-09/server/phase31-35-routers.ts,40423,951,ce2d2e8da7ac08d09a431a4d583e8bb0c9ef7c78ba7a914a15d6bd166522279f
legacy/skycoin-production-2026-09/server/phase31-35.test.ts,40981,1123,96235071cc920ccb07de1a42dd15c650a76d8eeba4e3de1b3981fae30739df42
legacy/skycoin-production-2026-09/server/phase31-digital-identity.ts,36569,1082,a49ab91555923681d04ccefcd5e9fe0f1573db3eaf5840e532e5e1e946c50f01
legacy/skycoin-production-2026-09/server/phase32-creator-sovereignty.ts,32880,1011,afb1ee1389156a4f712e31bc59a90c43b1f3a26d30580629d2734d8f0859f74b
legacy/skycoin-production-2026-09/server/phase33-decentralized-infra.ts,30861,892,4914f2cb2376977d1ee8e360121d460ff19b4591b99b32a752504134a161653e
legacy/skycoin-production-2026-09/server/phase34-economic-civilization.ts,33436,1011,f70fe1449fec7ab111fb05072ffee4997dfca6a59f484c7ebe4647da02823d3e
legacy/skycoin-production-2026-09/server/phase35-legacy-immortality.ts,30021,908,2cd9efd4816259e7ffbf70c30062d82f4e06e315e6288eb54b0ab0a1d76ee639
legacy/skycoin-production-2026-09/server/phase4-network-effects.test.ts,58794,1636,000c13dc7934f392d723f0f5e151cbfc70a3a1ddd908fe97b5de89e5ebe76a06
legacy/skycoin-production-2026-09/server/phase5-adapters.ts,77120,1353,b6799083567e7c5912741caa5d959996d43c6f2f0fdf3e989bb8e0f249279c96
legacy/skycoin-production-2026-09/server/phase5-sovereignty.test.ts,55134,1393,9bd95acbfee549c5e3b7f4195c79895e65ad754ba323259329af44f66da30d6e
legacy/skycoin-production-2026-09/server/phase6-adapters.ts,3112,100,fd7369f41848a598b97f1808b2051b07019af29a545751845b20fb89ae32fcd8
legacy/skycoin-production-2026-09/server/phase6-engines.ts,49221,959,dcf7ed39a0db145b533f16d1a418295f1ad49b7ef314140eabbf1926fcaa3b2d
legacy/skycoin-production-2026-09/server/phase6-routers.ts,46343,866,fa6a9b1dea13527920fc2b774fa4525d2590ee4174024bb9a360cd9dc1ea30d7
legacy/skycoin-production-2026-09/server/phase6.test.ts,40628,1117,1f410bdc6ab021ae47cdc4e9535f450835eb8349d4fac37cfe5210d05a3799ae
legacy/skycoin-production-2026-09/server/phase7-9.test.ts,53027,1363,5f6958c6cb909bd72fcfdcb14b92498e97d48cee3127027adaa8a1041d555cc4
legacy/skycoin-production-2026-09/server/phase7-engines.ts,52276,1034,8ac22bcd43628888e0df2da86da4d6e893fc5b8e62d87fef4d7d83b9ac747c5d
legacy/skycoin-production-2026-09/server/phase8-engines.ts,49068,941,eb3e63e1d7102ee362d6aacf433a4a400688297201d81a38cca1595ca5737c35
legacy/skycoin-production-2026-09/server/phase9-engines.ts,56377,1109,b0f48dd91f26ed5b0be9a67771cbc0b6d656bbbad7da57042d4ebb6b64b5083a
legacy/skycoin-production-2026-09/server/phases-16-20-engines.ts,5445,184,80659098f33095787029e3e15ee75f1a4effd9ad0cfe46403d81299c2f274cf4
legacy/skycoin-production-2026-09/server/phases-21-44-realistic.ts,10826,372,88d9281ed7b5f790d16d4373c0cc10c8f6f56e1976b8fc5ad49a3a2f9d41ac22
legacy/skycoin-production-2026-09/server/platform.test.ts,11849,348,3632e4a15dd64d66a22ea6f5e4850c6561b9619644d8fd124716c43b1b3377c8
legacy/skycoin-production-2026-09/server/pool-credentials-manager.ts,7024,297,6778213e566ca5bd80c94eb9b0a21e6af3fb647659d85c0646c13f97d93cb68c
legacy/skycoin-production-2026-09/server/predictive-world-modeling.ts,12011,392,841965c3dc5839de759aa1363cb0d15e116e2ef00daf9806db95dc0e2fefbee3
legacy/skycoin-production-2026-09/server/price-feed.ts,30024,585,3d03cd793c9676ccd3605a3aa896c1e08a3b3090efb01704d8d681705b7f0faa
legacy/skycoin-production-2026-09/server/prism-performance-engine.ts,20772,603,f9186f7482d39b20995ad393006ccdecb67a998a043887641544c7be4c4bfbb5
legacy/skycoin-production-2026-09/server/privacy-engine.ts,24437,293,5c2f253b477bfd9bd73c8545f320224db52c6cb538879057c938c203a592cc6a
legacy/skycoin-production-2026-09/server/product-brain-engine.ts,12195,371,1f245353be04d1956bd25d7b9b63fc90cdad0ba2420384c94c81421b8f572d81
legacy/skycoin-production-2026-09/server/production-hardening.ts,8473,348,48a2b91a0b034eddd2e959e583225aadcf154f19314bab4919917bc1a3f3c807
legacy/skycoin-production-2026-09/server/production-integration.test.ts,44243,1050,11347178eebc244e0445d6046c0bc0d78055d10e705d226f2aac5e662f05fe5c
legacy/skycoin-production-2026-09/server/production-integrations.ts,37701,896,cae375450a33490da85eca74c274e8c5e31ed15328d33ba7695ae5deea437efe
legacy/skycoin-production-2026-09/server/production-systems-routers.ts,19543,568,516b9b8f826c7c550c1e3fda2e4ed7841df8cbbced0de1340d727f323a82e722
legacy/skycoin-production-2026-09/server/production-systems.test.ts,32919,946,3fd14a3a9ede90598acdc3822465fddb617a90c49163bd088bd8f7677cf1d5ff
legacy/skycoin-production-2026-09/server/pulse-database-engine.ts,15654,376,933114cb141a422c2544609134a74759f05fd78566179d2cf53b1b35ffc62eb6
legacy/skycoin-production-2026-09/server/query-cache.ts,5549,173,59c1faded7d70e1bf5579859272739cfc6c07c617d5a70aeb945a3947178104b
legacy/skycoin-production-2026-09/server/query-error-handler.ts,1315,55,f8f80576ea20f4b25fe7efe5f34412e0a669dd1d516ffcf6d5ed1316c8551bf9
legacy/skycoin-production-2026-09/server/queue-engine.ts,15031,535,cd50ac661e35adc4606f862b501cbd5040c08d1e0bb7d5550af49e9a0ec57974
legacy/skycoin-production-2026-09/server/queue-workers.ts,32289,881,e69ef8fe9a55d743f6b6b018b1b40d91a21a11baa0a8ee1b6257a0fedbdbe700
legacy/skycoin-production-2026-09/server/rarity-router.ts,1506,46,ed32c3837cd499a0ed258c90b855c13e152ae3e01a4f3e2c18fc5a8e3150e1c6
legacy/skycoin-production-2026-09/server/real-ai-engine-v2.ts,12101,241,a895f34de56d2fa25481f1273c31c84d561039bd2174cc59822dca84e24ce2af
legacy/skycoin-production-2026-09/server/real-ai-engine.ts,15284,565,797d182e14a55169534a9ac872beb5f51660ba5593e7152ee59582f1a0be341c
legacy/skycoin-production-2026-09/server/realtime-engine.ts,34466,939,c0072564b95f2664474a7b9ad9aeea689c67172bcd814eccd88a3294c3b6fe04
legacy/skycoin-production-2026-09/server/realtime-notifications.ts,12103,510,3e32e9cfcca8c8d0dc01402227d8fda8e7cf8db16becc0d5f1d3957c954fb342
legacy/skycoin-production-2026-09/server/realtime-websocket.ts,34863,1017,9559122c8eb585700a653830a240f83f8360e13ce3a32c2bbe9dce47a939c7b5
legacy/skycoin-production-2026-09/server/reward-system.ts,2637,110,3fb214686a74872a8e005c7b7c93b3b2409b55e664029e6c449002866765b73e
legacy/skycoin-production-2026-09/server/routers/crypto-ai-routes.ts,4712,187,c24621bacd60d6251f7dcdd98c30be091ee4022dac4837f5258a42362155024e
legacy/skycoin-production-2026-09/server/routers.test.ts,3772,141,edcb1a9d62a40bff99f1c307eab62282e10f45a66200d9a37f5e84ed63cabed1
legacy/skycoin-production-2026-09/server/routers.ts,14461,296,6d1fb13a8590436e38c2a40d6ceab6f83b856a96755e0d52a3e71577d6505ac6
legacy/skycoin-production-2026-09/server/scaling-config.ts,26713,836,9e1c8724ed679dd016b5321ec1b6d40e6dc661d4db5e886071c7e29368e74257
legacy/skycoin-production-2026-09/server/search-engine.ts,23781,749,69799de38afdf2b5158d9603dc9ac7441f203a1c21cb434d9a1af42c44fc4a10
legacy/skycoin-production-2026-09/server/secrets.test.ts,1067,32,5c3626d57bff3b915eb9b0a73c552168099bab4d71cf611af4191cd8908a5e9f
legacy/skycoin-production-2026-09/server/secure-wallet-mining-fix.ts,1355,38,9ec69952421dbeceb396511e3c2aea46db07ee8cbd626725528455a2ee43b41d
legacy/skycoin-production-2026-09/server/secure-wallet.ts,10555,342,a58daeda314f8ccd41f187316f44df40f9df20141ce65f15c381c14fbe7c3929
legacy/skycoin-production-2026-09/server/security-audit-packages.ts,11048,445,edbe2246ccd546dc372545def389d4147630f7a1ff86ddf7dba4f952da9bb935
legacy/skycoin-production-2026-09/server/security-compliance-upgrades.ts,2456,90,128a529405744c8da995a67fdbe01af322c51a5d038aa8ffaf0b943e4261b867
legacy/skycoin-production-2026-09/server/security-core.ts,26630,695,efda30778da5e5b27df04556008dab286b613de8ab12d5901193824084b0f18a
legacy/skycoin-production-2026-09/server/security-engine.test.ts,15401,449,cfb133a15097075e0e6763fe4d358b06c13987ce2443c28e2f943696c678210d
legacy/skycoin-production-2026-09/server/security-engine.ts,8264,278,fd98bd8a1e674aa494f340cc7ff9992488ef8b0c2b30bdb264973602e1b0869c
legacy/skycoin-production-2026-09/server/security-hardening.ts,3308,134,f6fd768407f85af9680b0c373a524213ccb49744b1258fa42e57b8837a60c64a
legacy/skycoin-production-2026-09/server/security-middleware.ts,5988,201,06d3f4bc5dc96f6dc4285b59631cbd28f90b0d42be231c1401f4a03c8a5bf116
legacy/skycoin-production-2026-09/server/security.test.ts,7225,194,722b7c6de2c22197a9526c7dc945f6217c52ec4c21280bc38f9c019477edc3b1
legacy/skycoin-production-2026-09/server/security.ts,39633,916,e125396e6b5a4e12a7d342380079514cc9f45349fd65798d255d502ce26d70bf
legacy/skycoin-production-2026-09/server/seed-data.ts,7271,230,70d62689b2d7d81e25f51c2e28032e4df0ae16c4af31830af1c16d9e1f4f60ac
legacy/skycoin-production-2026-09/server/seed-db.mjs,5774,212,be3bdd7b7f2a3eb30a5d2b4458f325de2d76d5dd0df3f1fb23d23e1b050d823f
legacy/skycoin-production-2026-09/server/sentiment-analyzer.ts,4356,134,c8509d061be17ef131a153284a6776f0af34a25cf1ade9b2129a3620386931ed
legacy/skycoin-production-2026-09/server/shadow-identity-router.ts,10414,245,8daf4ffbd54ddccf91605ecb3a87f8aa36728c6ebfd1e6f87887db985f1cab5d
legacy/skycoin-production-2026-09/server/shield-security-engine.ts,15815,402,55367850f17e000db78b172e8b0114057e0bba381023fc7bb37d98021c0c99b5
legacy/skycoin-production-2026-09/server/simulation-router.ts,15700,399,181aeddee951767bf0e49663876355d07c735a2fa516f08aeb6917ddd94ef937
legacy/skycoin-production-2026-09/server/simulationEngine.ts,19877,569,60d217f7d7ee92703ae557f095ec551faa940c077671b7bf8cd397781273d71c
legacy/skycoin-production-2026-09/server/sky444-blockchain-engine.ts,11758,416,1a18acfa5d92f4e327894743ff4813251d258b33d29ef6ee93875e99bc83974c
legacy/skycoin-production-2026-09/server/sky444-chain-economy.ts,43028,1223,1a6f8a0b2f21eaf0b1e4602ef47a43ba0feac89734b5f5a58b8a03fa34a5e37b
legacy/skycoin-production-2026-09/server/skyschool-gaming-router.ts,22653,499,64c82f02ccc70f4ad86fbe2a61c7df6f619fb6e6511258e87070e5309bbfed6a
legacy/skycoin-production-2026-09/server/skyschool-mine-hardened.ts,43857,689,390ea2f275a53f79bda8d14aea4f068117b2ce694d7704868b5410e0612a7a48
legacy/skycoin-production-2026-09/server/smart-contract-auditor.ts,2628,90,dd7f569bd56856ecaadd33d9befcd2b9022497ee5730ce5f293d725edbea6f85
legacy/skycoin-production-2026-09/server/social-core.ts,43161,1133,58809ac6d96b749cb4aa5483db41f45d8c970522d9aabe88becd89a41b22e38d
legacy/skycoin-production-2026-09/server/social-engagement-upgrades.ts,3092,93,a750366e8a4a2377280308a4267836b0a14f19b4e9da37c6d98cd8aa16116349
legacy/skycoin-production-2026-09/server/social-engine.test.ts,17247,500,053ca93132c381f88e7c99156d1eee537ba5a8f80908718827e0a476a85a2da1
legacy/skycoin-production-2026-09/server/social-engine.ts,31782,946,a52379a7ea7302cc51c8965fb438675d49704dc2e7611f4a17d4440df62a5961
legacy/skycoin-production-2026-09/server/social44-routes.ts,13273,337,69fab279da067b6f6c8daf722b71c2bb96c0844fa82fc5f4fef9ee6d7ce8a91d
legacy/skycoin-production-2026-09/server/sprint-engine.ts,21445,529,f4006f7e4cc4471cc95b5d44c793204b3adb7754bfa01612198673cc4c50d331
legacy/skycoin-production-2026-09/server/storage.ts,3052,98,55eab39960d991bfbd50e86fb586fd6842fff88bcc7ab6d3538982a3fd9dd860
legacy/skycoin-production-2026-09/server/storm-devops-engine.ts,32659,843,29783f16e3181e05ae919fee060a2551100d4ec53ef56cf4990094fa11f26f3b
legacy/skycoin-production-2026-09/server/strategic-engines-routers.ts,10719,309,7bc5bcd337e7487a6426940c707936432821502d614f22c552966c889e4dc1fa
legacy/skycoin-production-2026-09/server/strategic-engines.test.ts,16190,413,eca204b736773c1508d4d6674af76b1d048bf0dbf438405ee1a29d02a3d67b59
legacy/skycoin-production-2026-09/server/streaming-core.ts,40437,1079,d6630be7dd605b7b58e8e37f1dd2c0017e2682ba9eede90fd5ad40eaeb6b8273
legacy/skycoin-production-2026-09/server/streaming-engine.ts,27704,812,413b5f1433bc0aeb33e18075b948dd50b59478e039a3950616c0e09a041b3b0f
legacy/skycoin-production-2026-09/server/streaming-payment.test.ts,16543,526,acff5cfac976f91ccbe99e7f7ed3eb8a8f392516d07976328d87d46619dc362c
legacy/skycoin-production-2026-09/server/stripe-router.ts,7935,277,a7f57fc43dac34adc68a7567fe69b35bb55601a23fe3203d55a486951ff41180
legacy/skycoin-production-2026-09/server/stripe-skycoin.ts,8277,290,4605a4ca60a7afc0115174d5d73285d40eddfeffd2f916a46543afb77fd6bd9c
legacy/skycoin-production-2026-09/server/stripe-webhooks.ts,9903,382,5e841064df1b1f972684b608cf37139b781c815983176f991f0110a949897b31
legacy/skycoin-production-2026-09/server/system-completion.test.ts,47549,991,8c0de7c282f55411403127b525200b23dd4fe238a01fdecda5b98777531a2fd5
legacy/skycoin-production-2026-09/server/teaching-router.ts,9246,346,c76a1aab6360ea4df25e9f1743d70d308d89f7321772f0c059c0d6ef4925c0a1
legacy/skycoin-production-2026-09/server/titan-orchestrator-engine.ts,21707,686,877a1fbecee4188467ed499fe448f116b77db38722a3bb7892a94fba00c6c5d8
legacy/skycoin-production-2026-09/server/translation-engine.ts,5039,209,3fa51005c37d0e780bb8012bb3dbf6b402d2a527ced6f73463f90bb1f54cbc3b
legacy/skycoin-production-2026-09/server/translation-router.ts,9774,317,2c2284ca396118523aaee12198cb0ccf93e2a96a0f9fe06140adc1068fc1c8b9
legacy/skycoin-production-2026-09/server/trust-safety-engine.ts,23808,707,4dd9841c4a8b02697dfa607824ba41aed8a838e7507c3be4dab19f106a096bbb
legacy/skycoin-production-2026-09/server/unified-ai-orchestrator.ts,2545,91,c9aeebc4b9575d044b0753390aae4dcca4e7d480bcf0c753dff3d5626ee1cf35
legacy/skycoin-production-2026-09/server/unified-system-loop.ts,36538,998,3b1b358e75da42fb400f9f3ca720d319b2652d08019a19eb1d7e6a3ccb090598
legacy/skycoin-production-2026-09/server/upgrade-ai-personalization-x44.ts,7670,213,ec15d0ec1c5f1ab4fa2c67aedf1e50e272303e0f456250aeda3c58712d2b6cb8
legacy/skycoin-production-2026-09/server/upgrade-all-features-x44.ts,12587,295,fda5e16efa2c13c6b98aa0071e5e99dbe3ef39aa62def54e951af6f159866641
legacy/skycoin-production-2026-09/server/value-propositions-x44.ts,17879,538,9071b29cfd1a6847d38e18942c4d80994e23b17b2a24debacf5d8c9d619c90cb
legacy/skycoin-production-2026-09/server/vector-aiml-engine.ts,25532,693,977a9770ad555c01842a69d7efc3a20b4fcfb81525d1ae747443332a046fab68
legacy/skycoin-production-2026-09/server/verification-router.ts,1358,39,d3196672d61667e9f152beb2b34dfd74d61421e48c6863750f04f8a0f83838b8
legacy/skycoin-production-2026-09/server/viral-growth-engine.ts,9197,360,55e958cf14cdb9f5329fbb92026628d9c36f02ab4980d8fb41cab93620e3d934
legacy/skycoin-production-2026-09/server/virality-engine.ts,28106,735,51265c4de017f311d6134021fa1bb3046c709c7bea72f0f8a69238ab027c9c61
legacy/skycoin-production-2026-09/server/voice-accessibility-upgrades.ts,2509,91,e4c6d64fd8255e7d9bd5c18e15331be2feefe431f8ceb939bf01ff312e76cca0
legacy/skycoin-production-2026-09/server/voice-analytics-router.ts,4516,170,bfb73feb89cacdf1a5eb755a4c2462d6b221e6cf6bf0ffc34f3c3d271b5b9e1c
legacy/skycoin-production-2026-09/server/voice-analytics.ts,7058,232,dab3a09f1c555f5e27076477759c2dc5dcf2a55f4634d618bc2e103e7f8d1930
legacy/skycoin-production-2026-09/server/voice-commands-444.ts,20378,690,c43572856401f075f61b6b3664117df899fc90376723306e90607b9dd3b480d7
legacy/skycoin-production-2026-09/server/voice-commands-router.ts,6842,246,b3c5dc92057d446ad262cb30f2df931a761cdd61129edf115f97936d2991b503
legacy/skycoin-production-2026-09/server/voice-macros-router.ts,3104,124,50baee92e4082e9804b7263a50c887fda50f11a5fc6f64e050a9e1b483c8583f
legacy/skycoin-production-2026-09/server/voice-macros.ts,5630,209,bc401cec6ced27b10004210328094afceaac3a2631c1ddf1241edc8d7fab4ba8
legacy/skycoin-production-2026-09/server/voice-router.ts,1257,40,7261da3b0a7ec0290ae4baf426572709407a6c08ded4f8eadaf66ff0f9c569a4
legacy/skycoin-production-2026-09/server/vpn-system.ts,9794,426,45ea3ca2fd8c1817b04fadb51fe6cd46f9214fb5413baf2599a3cbda5ef3e2cc
legacy/skycoin-production-2026-09/server/wallet-api.ts,5418,230,2b4ed4d4d2854df0ad9e9cc36dd6c7bfdda09785c4fe2d33c9ff345bfd7950f3
legacy/skycoin-production-2026-09/server/wallet-config.test.ts,1888,63,9b5d0391647549fd541ea9dcb65310951b4dfeaf11f070a063ea39eee21bfe98
legacy/skycoin-production-2026-09/server/wallet-reward-router.ts,3771,144,74427f7e8863a48399ee2210ba846f4e87f982a02103a99b647aa820b85a0c23
legacy/skycoin-production-2026-09/server/websocket-integration.ts,6435,227,c1bccd80ddc8a33fd9f96215358d648b2e8d69a57d11b74f4eafc8d5a6705be2
legacy/skycoin-production-2026-09/server/websocket-server.ts,7501,279,a85cf063b6edab3211a4c396e4e94fe438a43c198067152a94e3cc52e7903e50
legacy/skycoin-production-2026-09/shared/_core/errors.ts,601,20,52bee7d152045eaa009083e26a4cbc21d413c80b0403a23c4b5572141dec942a
legacy/skycoin-production-2026-09/shared/const.ts,275,6,11da03d221aa253356704b97fcd8ffb90975a34446dda1f3c50b528ec191583d
legacy/skycoin-production-2026-09/shared/crypto-utils.ts,18887,673,ae2ee626f5a1ad267566739ba45d87e46fdb773f9ce1646e8eb776c1698d5666
legacy/skycoin-production-2026-09/shared/tokenRegistry.ts,6284,213,ea10fc24a2e8fd56a522a1090cd8e3c75a5a996d00650a72cf8da0070a42425f
legacy/skycoin-production-2026-09/shared/types.ts,158,8,959aeb30b032e203677e278922e97988b7cbcb56485694458298859af5589974
legacy/skycoin-production-2026-09/shared/utils.ts,26208,864,d3807f519c86128d8530312082cafdcf6c2b45d552f79e2da08242401186454b
legacy/skycoin-production-2026-09/shared/validation.ts,27535,802,cc2caedbc4f952aa37105a69c443b2297597c9c4760b8b2e78270a529aab9257
legacy/skycoin-production-2026-09/template.json,15210,,8a683e04d8e3d0206e174c4be51d3a216781c07187ede8742947b587f354a502
legacy/skycoin-production-2026-09/todo.md,55636,,3694626bdcf1203f0965e44eaa049ccd7444361a66804170d9917070f0344041
legacy/skycoin-production-2026-09/tsconfig.json,1062,,7a0a21936d3c8a2173171d4af977659b2cfb611137ed9a9405e48d6a63ef01f8
legacy/skycoin-production-2026-09/tsconfig.node.json,233,,b2bf1a9053b26138679d790bdcd689042fb4ee157b0673724e4a2eb86a6d8ef5
legacy/skycoin-production-2026-09/vite.config.ts,6701,207,34686a9c28d5ea12511eafd1f56154dd4aa13219242f5a83de63b2cb2344db82
legacy/skycoin-production-2026-09/vitest.config.ts,499,20,a0de83b3967226a98302bbb34aa2e1321890dba9ac1d1c8ce8a6b7989af87e44